-- phpMyAdmin SQL Dump
-- version 5.2.1
-- https://www.phpmyadmin.net/
--
-- Host: 127.0.0.1
-- Generation Time: Mar 07, 2024 at 03:42 AM
-- Server version: 10.4.32-MariaDB
-- PHP Version: 8.2.12

SET SQL_MODE = "NO_AUTO_VALUE_ON_ZERO";
START TRANSACTION;
SET time_zone = "+00:00";


/*!40101 SET @OLD_CHARACTER_SET_CLIENT=@@CHARACTER_SET_CLIENT */;
/*!40101 SET @OLD_CHARACTER_SET_RESULTS=@@CHARACTER_SET_RESULTS */;
/*!40101 SET @OLD_COLLATION_CONNECTION=@@COLLATION_CONNECTION */;
/*!40101 SET NAMES utf8mb4 */;

--
-- Database: `greenmountains`
--

-- --------------------------------------------------------

--
-- Table structure for table `bookings`
--

CREATE TABLE `bookings` (
  `booking_id` int(11) NOT NULL,
  `property_id` int(11) NOT NULL,
  `emailaddress` varchar(150) NOT NULL,
  `checkin_date` date NOT NULL,
  `checkout_date` date NOT NULL,
  `totalamount` double(16,2) NOT NULL,
  `adult` int(11) NOT NULL,
  `children` int(11) NOT NULL,
  `infant` int(11) NOT NULL,
  `pet` int(11) NOT NULL,
  `bookingdate` date NOT NULL,
  `status` varchar(20) NOT NULL,
  `cleaningfee` double(16,2) NOT NULL,
  `extraguestfee` double(16,2) NOT NULL,
  `hottubfee` double(16,2) NOT NULL,
  `petfee` double(16,2) NOT NULL
) ENGINE=InnoDB DEFAULT CHARSET=utf8mb4 COLLATE=utf8mb4_general_ci;

--
-- Dumping data for table `bookings`
--

INSERT INTO `bookings` (`booking_id`, `property_id`, `emailaddress`, `checkin_date`, `checkout_date`, `totalamount`, `adult`, `children`, `infant`, `pet`, `bookingdate`, `status`, `cleaningfee`, `extraguestfee`, `hottubfee`, `petfee`) VALUES
(29, 10, 'rustomlacrecodilan@gmail.com', '2024-04-18', '2024-04-22', 2215.00, 5, 5, 5, 5, '2024-02-12', 'Pending', 255.00, 120.00, 75.00, 110.00),
(30, 10, 'rustomlacrecodilan@gmail.com', '2024-02-27', '2024-02-29', 2166.81, 5, 5, 2, 5, '2024-02-21', 'Pending', 255.00, 60.00, 75.00, 165.00);

-- --------------------------------------------------------

--
-- Table structure for table `features`
--

CREATE TABLE `features` (
  `feature_id` int(11) NOT NULL,
  `property_id` int(11) NOT NULL,
  `feature` varchar(100) NOT NULL,
  `icon` varchar(250) NOT NULL
) ENGINE=InnoDB DEFAULT CHARSET=utf8mb4 COLLATE=utf8mb4_general_ci;

--
-- Dumping data for table `features`
--

INSERT INTO `features` (`feature_id`, `property_id`, `feature`, `icon`) VALUES
(10, 10, 'Mountain view', 'uploads/mountain.png'),
(12, 10, '5 Bedrooms', 'uploads/bed.png'),
(13, 10, 'Wifi', 'uploads/wifi.png'),
(15, 10, 'Fully Equipped Kitchen (w/ Barbecue Utensils)', 'uploads/equip.png'),
(16, 10, 'In-Unit Washer & Dryer', 'uploads/in.png'),
(17, 10, 'Free parking on premises', 'uploads/free.png'),
(18, 10, '60\" HDTV with Roku', 'uploads/tv.png'),
(19, 10, 'Pets allowed', 'uploads/pet.png'),
(20, 10, 'Bathtub', 'uploads/Bathtub.png'),
(21, 10, 'Hair dryer', 'uploads/Hair.png'),
(22, 10, 'Hot Water', 'uploads/hot.png'),
(29, 10, 'Hanger', 'uploads/hanger.png'),
(30, 10, 'Bed linens', 'uploads/bedlines.png'),
(31, 10, 'Extra pillows and blankets', 'uploads/pillows.png'),
(32, 10, 'Iron', 'uploads/iron.png'),
(33, 10, 'Drying rack for clothing', 'uploads/storage.png'),
(34, 10, 'Books and reading material', 'uploads/essen_1.png'),
(35, 10, 'Fireplace guards', 'uploads/fireplace.png'),
(37, 10, 'Indoor fireplace: wood-burning', 'uploads/fireplace_1.png'),
(38, 10, 'Ceiling fan', 'uploads/ceiling.png'),
(39, 10, 'Portable fans', 'uploads/portable.png'),
(40, 10, 'Heating', 'uploads/heating.png'),
(42, 10, 'Smoke alarm', 'uploads/smoke.png'),
(43, 10, 'Carbon monoxide alarm', 'uploads/carbon.png'),
(44, 10, 'Fire extinguisher', 'uploads/fire.png'),
(45, 10, 'Refrigerator', 'uploads/ref.png'),
(46, 10, 'Microwave', 'uploads/oven.png'),
(47, 10, 'Dishes and silverware', 'uploads/equip_1.png'),
(48, 10, 'Cooking basics Pots and pans, oil, salt and pepper', 'uploads/cook.png'),
(49, 10, 'Freezer', 'uploads/ref_1.png'),
(50, 10, 'Dishwasher', 'uploads/dish.png'),
(51, 10, 'Stove', 'uploads/stove.png'),
(52, 10, 'Oven', 'uploads/oven_1.png'),
(53, 10, 'Coffee maker', 'uploads/coffee.png'),
(54, 10, 'Wine glasses', 'uploads/wine.png'),
(55, 10, 'Toaster', 'uploads/oven_2.png'),
(56, 10, 'Baking sheet', 'uploads/bed-svgrepo-com.png'),
(57, 10, 'Blender', 'uploads/blend.png'),
(58, 10, 'Ski-in/ski-out – On a free shuttle line Guests can access ski lifts without driving or taking paid t', 'uploads/skin.png'),
(59, 10, 'Private entrance', 'uploads/private.png'),
(60, 10, 'Private patio or balcony', 'uploads/balco.png'),
(62, 10, 'Fire pit', 'uploads/hot_2.png'),
(63, 10, 'Outdoor furniture', 'uploads/out.png'),
(64, 10, 'Outdoor dining area', 'uploads/out_1.png'),
(65, 10, 'BBQ grill', 'uploads/grill.png'),
(67, 9, 'Mountain view', 'uploads/mountain_1.png'),
(68, 9, 'Pool Table', 'uploads/pool_1.png'),
(69, 9, '5 Bedrooms', 'uploads/bed_1.png'),
(70, 9, 'Central Heating', 'uploads/central.png'),
(71, 9, 'Wifi', 'uploads/wifi_1.png'),
(72, 9, 'Private Hot Tub & Sauna', 'uploads/pri_1.png'),
(73, 9, 'Fully Equipped Kitchen (w/ Barbecue Utensils)', 'uploads/equip_2.png'),
(74, 9, 'In-Unit Washer & Dryer', 'uploads/in_4.png'),
(75, 9, 'Free parking on premises', 'uploads/free_1.png'),
(76, 9, 'Free street parking', 'uploads/free_2.png'),
(77, 9, '60\" HDTV with Roku', 'uploads/tv_1.png'),
(78, 9, 'Pets allowed', 'uploads/pet_1.png'),
(79, 9, 'Bathtub', 'uploads/Bathtub_1.png'),
(80, 9, 'Hair dryer', 'uploads/Hair_2.png'),
(81, 9, 'Hot Water', 'uploads/hot_3.png'),
(82, 9, 'Free dryer – In unit', 'uploads/in_5.png'),
(83, 9, 'Free washer – In unit', 'uploads/in_6.png'),
(84, 9, 'Essentials Towels, bed sheets, soap, and toilet paper', 'uploads/essen_2.png'),
(85, 9, 'Hanger', 'uploads/hanger_1.png'),
(86, 9, 'Bed linens', 'uploads/bedlines.png'),
(87, 9, 'Extra pillows and blankets', 'uploads/pillows_1.png'),
(88, 9, 'Iron', 'uploads/iron_1.png'),
(89, 9, 'Drying rack for clothing', 'uploads/storage_1.png'),
(90, 9, 'Books and reading material', 'uploads/essen_3.png'),
(91, 9, 'Fireplace guards', 'uploads/fireplace_2.png'),
(92, 9, 'Board games', 'uploads/board_1.png'),
(93, 9, 'Indoor fireplace: wood-burning', 'uploads/fireplace_3.png'),
(94, 9, 'Ceiling fan', 'uploads/ceiling_1.png'),
(95, 9, 'Portable fans', 'uploads/portable_1.png'),
(96, 9, 'Heating', 'uploads/heating_1.png'),
(97, 9, 'Security cameras on property', 'uploads/cctv_1.png'),
(98, 9, 'Smoke alarm', 'uploads/smoke_1.png'),
(99, 9, 'Carbon monoxide alarm', 'uploads/carbon_1.png'),
(100, 9, 'Fire extinguisher', 'uploads/fire_1.png'),
(101, 9, 'Refrigerator', 'uploads/ref_2.png'),
(102, 9, 'Microwave', 'uploads/micro.png'),
(103, 9, 'Dishes and silverware', 'uploads/equip_3.png'),
(104, 9, 'Cooking basics Pots and pans, oil, salt and pepper', 'uploads/cook_1.png'),
(105, 9, 'Freezer', 'uploads/ref_3.png'),
(106, 9, 'Dishwasher', 'uploads/dish_1.png'),
(107, 9, 'Stove', 'uploads/stove_1.png'),
(108, 9, 'Oven', 'uploads/oven_3.png'),
(109, 9, 'Coffee maker', 'uploads/coffee_1.png'),
(110, 9, 'Wine glasses', 'uploads/wine_1.png'),
(111, 9, 'Toaster', 'uploads/oven_4.png'),
(112, 9, 'Baking sheet', 'uploads/bed-svgrepo-com_1.png'),
(113, 9, 'Blender', 'uploads/blend_1.png'),
(114, 9, 'Ski-in/ski-out – On a free shuttle line Guests can access ski lifts without driving or taking paid t', 'uploads/skin_1.png'),
(115, 9, 'Private entrance', 'uploads/private_1.png'),
(116, 9, 'Private patio or balcony', 'uploads/balco_1.png'),
(118, 9, 'Fire pit', 'uploads/hot_4.png'),
(119, 9, 'Outdoor furniture', 'uploads/out_2.png'),
(120, 9, 'Outdoor dining area', 'uploads/out_3.png'),
(121, 9, 'BBQ grill', 'uploads/grill_1.png'),
(122, 11, 'Mountain view', 'uploads/mountain_2.png'),
(123, 11, 'Pool Table', 'uploads/pool_2.png'),
(124, 11, '5 Bedrooms', 'uploads/bed_2.png'),
(125, 11, 'Central Heating', 'uploads/central_1.png'),
(126, 11, 'Wifi', 'uploads/wifi_2.png'),
(127, 11, 'Private Hot Tub & Sauna', 'uploads/pri_2.png'),
(128, 11, 'Fully Equipped Kitchen (w/ Barbecue Utensils)', 'uploads/equip_4.png'),
(129, 11, 'In-Unit Washer & Dryer', 'uploads/in_7.png'),
(130, 11, 'Free parking on premises', 'uploads/free_3.png'),
(131, 11, 'Free street parking', 'uploads/free_4.png'),
(132, 11, '60\" HDTV with Roku', 'uploads/tv_2.png'),
(133, 11, 'Pets allowed', 'uploads/pet_2.png'),
(134, 11, 'Bathtub', 'uploads/Bathtub_2.png'),
(135, 11, 'Hair dryer', 'uploads/Hair_3.png'),
(136, 11, 'Hot Water', 'uploads/hot_5.png'),
(137, 11, 'Free dryer – In unit', 'uploads/in_8.png'),
(138, 11, 'Free washer – In unit', 'uploads/in_9.png'),
(139, 11, 'Essentials Towels, bed sheets, soap, and toilet paper', 'uploads/essen_4.png'),
(140, 11, 'Hanger', 'uploads/hanger_2.png'),
(141, 11, 'Bed linens', 'uploads/bedlines_1.png'),
(142, 11, 'Extra pillows and blankets', 'uploads/pillows_2.png'),
(143, 11, 'Iron', 'uploads/iron_2.png'),
(144, 11, 'Drying rack for clothing', 'uploads/storage_2.png'),
(145, 11, 'Books and reading material', 'uploads/essen_5.png'),
(146, 11, 'Fireplace guards', 'uploads/fireplace_4.png'),
(147, 11, 'Board games', 'uploads/board_2.png'),
(148, 11, 'Indoor fireplace: wood-burning', 'uploads/fireplace_5.png'),
(149, 11, 'Ceiling fan', 'uploads/ceiling_2.png'),
(150, 11, 'Portable fans', 'uploads/portable_2.png'),
(151, 11, 'Heating', 'uploads/heating_2.png'),
(152, 11, 'Security cameras on property', 'uploads/cctv_2.png'),
(153, 11, 'Smoke alarm', 'uploads/smoke_2.png'),
(154, 11, 'Carbon monoxide alarm', 'uploads/carbon_2.png'),
(155, 11, 'Fire extinguisher', 'uploads/fire_2.png'),
(156, 11, 'Refrigerator', 'uploads/ref_4.png'),
(157, 11, 'Microwave', 'uploads/micro_1.png'),
(158, 11, 'Dishes and silverware', 'uploads/equip_5.png'),
(159, 11, 'Cooking basics Pots and pans, oil, salt and pepper', 'uploads/cook_2.png'),
(160, 11, 'Freezer', 'uploads/ref_5.png'),
(161, 11, 'Dishwasher', 'uploads/dish_2.png'),
(162, 11, 'Stove', 'uploads/stove_2.png'),
(163, 11, 'Oven', 'uploads/oven_5.png'),
(164, 11, 'Coffee maker', 'uploads/coffee_2.png'),
(165, 11, 'Wine glasses', 'uploads/wine_2.png'),
(166, 11, 'Toaster', 'uploads/oven_6.png'),
(167, 11, 'Baking sheet', 'uploads/bed-svgrepo-com_2.png'),
(168, 11, 'Blender', 'uploads/blend_2.png'),
(169, 11, 'Ski-in/ski-out – On a free shuttle line Guests can access ski lifts without driving or taking paid t', 'uploads/skin_2.png'),
(170, 11, 'Private entrance', 'uploads/private_2.png'),
(171, 11, 'Private patio or balcony', 'uploads/balco_2.png'),
(172, 11, 'Backyard', 'uploads/back_1.png'),
(173, 11, 'Fire pit', 'uploads/hot_6.png'),
(174, 11, 'Outdoor furniture', 'uploads/out_4.png'),
(175, 11, 'Outdoor dining area', 'uploads/out_5.png'),
(176, 11, 'BBQ grill', 'uploads/grill_2.png');

-- --------------------------------------------------------

--
-- Table structure for table `messages`
--

CREATE TABLE `messages` (
  `message_id` int(11) NOT NULL,
  `fullname` varchar(100) NOT NULL,
  `email` varchar(100) NOT NULL,
  `phone` varchar(15) NOT NULL,
  `messageContent` longtext NOT NULL,
  `messagedate` date NOT NULL
) ENGINE=InnoDB DEFAULT CHARSET=utf8mb4 COLLATE=utf8mb4_general_ci;

--
-- Dumping data for table `messages`
--

INSERT INTO `messages` (`message_id`, `fullname`, `email`, `phone`, `messageContent`, `messagedate`) VALUES
(2, 'Rustom Codilan', 'rustomcodilan@gmail.com', '09975304890', 'Testing', '2023-11-27'),
(3, 'Rustom Codilan', 'rustomcodilan@gmail.com', '09975304890', 'What\'s up Madlang People', '2023-11-28'),
(4, 'Rustom Codilan', 'rustomcodilan@gmail.com', '09975304890', 'What\'s up Madlang People', '2023-11-28'),
(5, 'Rustom Codilan', 'rustomcodilan@gmail.com', '09975304890', 'Hello World!', '2024-03-03');

-- --------------------------------------------------------

--
-- Table structure for table `pricing`
--

CREATE TABLE `pricing` (
  `price_id` int(11) NOT NULL,
  `property_id` int(11) NOT NULL,
  `date` date NOT NULL,
  `price` double(16,2) DEFAULT NULL
) ENGINE=InnoDB DEFAULT CHARSET=utf8mb4 COLLATE=utf8mb4_general_ci;

--
-- Dumping data for table `pricing`
--

INSERT INTO `pricing` (`price_id`, `property_id`, `date`, `price`) VALUES
(101, 9, '2024-01-09', 265.00),
(102, 9, '2024-01-10', 500.00),
(103, 9, '2024-01-11', 450.00),
(104, 9, '2024-01-12', 450.00),
(105, 10, '2024-01-08', 265.00),
(106, 10, '2024-01-09', 265.00),
(107, 10, '2024-01-10', 265.00),
(108, 10, '2024-01-11', 265.00),
(109, 9, '2024-01-13', 885.00),
(110, 9, '2024-01-14', 885.00),
(111, 9, '2024-01-16', 465.00),
(112, 9, '2024-01-17', 465.00),
(113, 9, '2024-01-18', 465.00),
(114, 9, '2024-01-19', 465.00),
(115, 9, '2024-01-20', 885.00),
(116, 9, '2024-01-21', 565.00),
(117, 9, '2024-01-22', 345.00),
(118, 9, '2024-01-23', 345.00),
(119, 9, '2024-01-24', 345.00),
(120, 9, '2024-01-25', 345.00),
(121, 9, '2024-01-26', 785.00),
(122, 9, '2024-01-27', 785.00),
(123, 9, '2024-01-28', 565.00),
(124, 9, '2024-01-29', 445.00),
(125, 9, '2024-01-30', 445.00),
(126, 9, '2024-01-31', 445.00),
(127, 9, '2024-02-01', 565.00),
(128, 9, '2024-02-08', 565.00),
(129, 9, '2024-02-09', 785.00),
(130, 9, '2024-02-10', 785.00),
(131, 9, '2024-02-11', 565.00),
(132, 9, '2024-02-12', 545.00),
(133, 9, '2024-02-13', 545.00),
(134, 9, '2024-02-14', 495.00),
(135, 9, '2024-02-15', 495.00),
(136, 9, '2024-02-16', 995.00),
(137, 9, '2024-02-17', 995.00),
(138, 9, '2024-02-18', 995.00),
(139, 9, '2024-02-19', 445.00),
(140, 9, '2024-02-20', 445.00),
(141, 9, '2024-02-21', 445.00),
(142, 9, '2024-02-22', 565.00),
(143, 9, '2024-02-23', 785.00),
(144, 9, '2024-02-24', 785.00),
(145, 9, '2024-02-25', 565.00),
(146, 9, '2024-02-26', 445.00),
(147, 9, '2024-02-27', 445.00),
(148, 9, '2024-02-28', 445.00),
(149, 9, '2024-02-29', 565.00),
(150, 9, '2024-03-01', 785.00),
(151, 9, '2024-03-02', 785.00),
(152, 9, '2024-03-03', 565.00),
(153, 9, '2024-03-04', 445.00),
(154, 9, '2024-03-05', 445.00),
(155, 9, '2024-03-06', 445.00),
(156, 9, '2024-03-07', 565.00),
(157, 9, '2024-03-08', 785.00),
(158, 9, '2024-03-09', 785.00),
(159, 9, '2024-03-10', 475.00),
(160, 9, '2024-03-11', 345.00),
(161, 9, '2024-03-12', 345.00),
(162, 9, '2024-03-13', 345.00),
(163, 9, '2024-03-18', 345.00),
(164, 9, '2024-03-19', 345.00),
(165, 9, '2024-03-20', 345.00),
(166, 9, '2024-03-14', 495.00),
(167, 9, '2024-03-15', 695.00),
(168, 9, '2024-03-16', 695.00),
(169, 9, '2024-03-22', 625.00),
(170, 9, '2024-03-23', 625.00),
(171, 9, '2024-03-17', 495.00),
(172, 9, '2024-03-21', 415.00),
(173, 9, '2024-03-24', 415.00),
(174, 9, '2024-03-25', 345.00),
(175, 9, '2024-03-26', 345.00),
(176, 9, '2024-03-27', 345.00),
(177, 9, '2024-03-28', 415.00),
(178, 9, '2024-03-29', 595.00),
(179, 9, '2024-03-30', 595.00),
(180, 9, '2024-03-31', 415.00),
(181, 10, '2024-01-18', 535.00),
(182, 10, '2024-01-19', 785.00),
(183, 10, '2024-01-20', 785.00),
(184, 10, '2024-01-26', 785.00),
(185, 10, '2024-01-27', 785.00),
(186, 10, '2024-01-21', 535.00),
(187, 10, '2024-01-22', 425.00),
(188, 10, '2024-01-23', 425.00),
(189, 10, '2024-01-24', 425.00),
(190, 10, '2024-01-25', 535.00),
(191, 10, '2024-01-28', 275.00),
(192, 10, '2024-01-29', 275.00),
(193, 10, '2024-01-30', 275.00),
(194, 10, '2024-01-31', 275.00),
(195, 10, '2024-02-01', 325.00),
(196, 10, '2024-02-02', 785.00),
(197, 10, '2024-02-03', 785.00),
(198, 10, '2024-02-04', 535.00),
(199, 10, '2024-02-05', 425.00),
(200, 10, '2024-02-06', 425.00),
(201, 10, '2024-02-07', 425.00),
(202, 10, '2024-02-12', 425.00),
(203, 10, '2024-02-13', 425.00),
(204, 10, '2024-02-14', 395.00),
(205, 10, '2024-02-19', 525.00),
(206, 10, '2024-02-20', 425.00),
(207, 10, '2024-02-21', 425.00),
(208, 10, '2024-02-22', 525.00),
(209, 10, '2024-02-23', 785.00),
(210, 10, '2024-02-24', 785.00),
(211, 10, '2024-02-16', 895.00),
(212, 10, '2024-02-17', 895.00),
(213, 10, '2024-02-18', 895.00),
(214, 10, '2024-02-15', 395.00),
(215, 10, '2024-02-08', 785.00),
(216, 10, '2024-02-09', 785.00),
(217, 10, '2024-02-10', 785.00),
(218, 10, '2024-02-11', 535.00),
(219, 10, '2024-02-25', 425.00),
(220, 10, '2024-02-26', 425.00),
(221, 10, '2024-02-27', 425.00),
(222, 10, '2024-02-28', 425.00),
(223, 10, '2024-02-29', 525.00),
(224, 10, '2024-03-01', 785.00),
(225, 10, '2024-03-02', 785.00),
(226, 10, '2024-03-03', 400.00),
(227, 10, '2024-03-04', 400.00),
(228, 10, '2024-03-05', 400.00),
(229, 10, '2024-03-06', 400.00),
(230, 10, '2024-03-10', 375.00),
(231, 10, '2024-03-11', 375.00),
(232, 10, '2024-03-12', 375.00),
(233, 10, '2024-03-13', 375.00),
(234, 10, '2024-03-17', 335.00),
(235, 10, '2024-03-18', 335.00),
(236, 10, '2024-03-19', 335.00),
(237, 10, '2024-03-20', 335.00),
(238, 10, '2024-03-21', 475.00),
(239, 10, '2024-03-22', 775.00),
(240, 10, '2024-03-23', 775.00),
(241, 10, '2024-03-28', 335.00),
(242, 10, '2024-03-29', 675.00),
(243, 10, '2024-03-30', 675.00),
(244, 10, '2024-03-24', 335.00),
(245, 10, '2024-03-25', 295.00),
(246, 10, '2024-03-26', 295.00),
(247, 10, '2024-03-27', 295.00),
(248, 10, '2024-03-31', 335.00),
(249, 10, '2024-04-01', 265.00),
(250, 10, '2024-04-02', 265.00),
(251, 10, '2024-04-03', 265.00),
(252, 10, '2024-04-04', 335.00),
(253, 10, '2024-04-05', 495.00),
(254, 10, '2024-04-06', 495.00),
(255, 10, '2024-04-07', 295.00),
(256, 10, '2024-04-08', 245.00),
(257, 10, '2024-04-09', 245.00),
(258, 10, '2024-04-10', 245.00),
(259, 10, '2024-04-17', 245.00),
(260, 10, '2024-04-18', 295.00),
(261, 10, '2024-04-19', 425.00),
(262, 10, '2024-04-20', 425.00),
(263, 10, '2024-04-25', 295.00),
(264, 10, '2024-04-21', 295.00),
(265, 10, '2024-04-22', 215.00),
(266, 10, '2024-04-23', 215.00),
(267, 10, '2024-04-24', 215.00),
(268, 10, '2024-04-26', 425.00),
(269, 10, '2024-04-27', 425.00),
(270, 10, '2024-04-28', 295.00),
(271, 10, '2024-04-29', 215.00),
(272, 10, '2024-04-30', 215.00),
(273, 9, '2024-02-06', 415.00),
(274, 9, '2024-02-07', 415.00),
(275, 9, '2024-02-02', 785.00),
(276, 9, '2024-02-03', 785.00),
(277, 9, '2024-02-04', 565.00),
(278, 9, '2024-02-05', 445.00),
(279, 9, '2024-04-01', 300.00),
(280, 9, '2024-04-02', 300.00),
(281, 9, '2024-04-03', 300.00),
(282, 9, '2024-04-08', 300.00),
(283, 9, '2024-04-09', 300.00),
(284, 9, '2024-04-10', 300.00),
(285, 9, '2024-04-11', 300.00),
(286, 9, '2024-04-15', 275.00),
(287, 9, '2024-04-16', 275.00),
(288, 9, '2024-04-17', 275.00),
(289, 9, '2024-04-22', 275.00),
(290, 9, '2024-04-23', 275.00),
(291, 9, '2024-04-24', 275.00),
(292, 9, '2024-04-07', 300.00),
(293, 9, '2024-04-14', 300.00),
(294, 9, '2024-04-21', 300.00),
(295, 9, '2024-04-04', 415.00),
(296, 9, '2024-04-05', 595.00),
(297, 9, '2024-04-06', 595.00),
(298, 9, '2024-04-12', 425.00),
(299, 9, '2024-04-13', 425.00),
(300, 9, '2024-04-19', 425.00),
(301, 9, '2024-04-20', 425.00),
(302, 9, '2024-04-18', 300.00),
(303, 9, '2024-04-29', 275.00),
(304, 9, '2024-04-30', 275.00),
(305, 9, '2024-05-01', 275.00),
(306, 9, '2024-04-25', 300.00),
(307, 9, '2024-04-26', 425.00),
(308, 9, '2024-04-27', 425.00),
(309, 9, '2024-04-28', 300.00),
(310, 9, '2024-05-24', 565.00),
(311, 9, '2024-05-25', 565.00),
(312, 9, '2024-05-26', 565.00),
(313, 9, '2024-05-06', 285.00),
(314, 9, '2024-05-07', 285.00),
(315, 9, '2024-05-08', 285.00),
(316, 9, '2024-05-13', 285.00),
(317, 9, '2024-05-14', 285.00),
(318, 9, '2024-05-15', 285.00),
(319, 9, '2024-05-20', 300.00),
(320, 9, '2024-05-21', 300.00),
(321, 9, '2024-05-22', 300.00),
(322, 9, '2024-05-23', 300.00),
(323, 9, '2024-05-19', 300.00),
(324, 9, '2024-05-05', 300.00),
(325, 9, '2024-05-12', 300.00),
(326, 9, '2024-05-02', 300.00),
(327, 9, '2024-05-09', 300.00),
(328, 9, '2024-05-16', 300.00),
(329, 9, '2024-05-03', 425.00),
(330, 9, '2024-05-04', 425.00),
(331, 9, '2024-05-10', 425.00),
(332, 9, '2024-05-11', 425.00),
(333, 9, '2024-05-17', 425.00),
(334, 9, '2024-05-18', 425.00),
(335, 9, '2024-05-27', 300.00),
(336, 9, '2024-05-28', 300.00),
(337, 9, '2024-05-29', 300.00),
(338, 9, '2024-05-30', 300.00),
(339, 9, '2024-05-31', 565.00),
(340, 9, '2024-06-01', 565.00),
(341, 9, '2024-06-02', 365.00),
(342, 9, '2024-06-03', 300.00),
(343, 9, '2024-06-04', 300.00),
(344, 9, '2024-06-05', 300.00),
(345, 9, '2024-06-10', 300.00),
(346, 9, '2024-06-11', 300.00),
(347, 9, '2024-06-12', 300.00),
(348, 9, '2024-06-06', 365.00),
(349, 9, '2024-06-13', 365.00),
(350, 9, '2024-06-09', 365.00),
(351, 9, '2024-06-07', 565.00),
(352, 9, '2024-06-08', 565.00),
(353, 9, '2024-06-14', 565.00),
(354, 9, '2024-06-15', 565.00),
(355, 9, '2024-06-16', 365.00),
(356, 9, '2024-06-17', 300.00),
(357, 9, '2024-06-18', 300.00),
(358, 9, '2024-06-19', 300.00),
(359, 9, '2024-06-20', 365.00),
(360, 9, '2024-06-21', 565.00),
(361, 9, '2024-06-22', 565.00),
(362, 9, '2024-06-23', 365.00),
(363, 9, '2024-06-24', 300.00),
(364, 9, '2024-06-25', 300.00),
(365, 9, '2024-06-26', 300.00),
(366, 9, '2024-06-27', 365.00),
(367, 9, '2024-06-28', 565.00),
(368, 9, '2024-06-29', 565.00),
(369, 9, '2024-06-30', 365.00),
(370, 9, '2024-07-01', 325.00),
(371, 9, '2024-07-02', 325.00),
(372, 9, '2024-07-03', 325.00),
(373, 9, '2024-07-04', 365.00),
(374, 9, '2024-07-05', 565.00),
(375, 9, '2024-07-06', 565.00),
(376, 9, '2024-07-07', 385.00),
(377, 9, '2024-07-08', 325.00),
(378, 9, '2024-07-09', 325.00),
(379, 9, '2024-07-10', 325.00),
(380, 9, '2024-07-11', 365.00),
(381, 9, '2024-07-12', 565.00),
(382, 9, '2024-07-13', 565.00),
(383, 9, '2024-07-19', 565.00),
(384, 9, '2024-07-20', 565.00),
(385, 9, '2024-07-14', 385.00),
(386, 9, '2024-07-15', 345.00),
(387, 9, '2024-07-16', 345.00),
(388, 9, '2024-07-17', 345.00),
(389, 9, '2024-07-22', 345.00),
(390, 9, '2024-07-23', 345.00),
(391, 9, '2024-07-24', 345.00),
(392, 9, '2024-07-18', 385.00),
(393, 9, '2024-07-21', 385.00),
(394, 9, '2024-07-25', 385.00),
(395, 9, '2024-07-26', 565.00),
(396, 9, '2024-07-27', 565.00),
(397, 9, '2024-07-28', 385.00),
(398, 9, '2024-07-29', 345.00),
(399, 9, '2024-07-30', 345.00),
(400, 9, '2024-07-31', 345.00),
(401, 9, '2024-08-01', 385.00),
(402, 9, '2024-08-02', 565.00),
(403, 9, '2024-08-03', 565.00),
(404, 9, '2024-08-04', 385.00),
(405, 9, '2024-08-05', 345.00),
(406, 9, '2024-08-06', 345.00),
(407, 9, '2024-08-07', 345.00),
(408, 9, '2024-08-12', 345.00),
(409, 9, '2024-08-13', 345.00),
(410, 9, '2024-08-14', 345.00),
(411, 9, '2024-08-08', 385.00),
(412, 9, '2024-08-11', 385.00),
(413, 9, '2024-08-15', 385.00),
(414, 9, '2024-08-09', 565.00),
(415, 9, '2024-08-10', 565.00),
(416, 9, '2024-08-16', 565.00),
(417, 9, '2024-08-17', 565.00),
(418, 9, '2024-08-18', 385.00),
(419, 9, '2024-08-19', 345.00),
(420, 9, '2024-08-20', 345.00),
(421, 9, '2024-08-21', 345.00),
(422, 9, '2024-08-22', 385.00),
(423, 9, '2024-08-23', 565.00),
(424, 9, '2024-08-24', 565.00),
(425, 9, '2024-08-25', 385.00),
(426, 9, '2024-08-26', 300.00),
(427, 9, '2024-08-27', 300.00),
(428, 9, '2024-08-28', 300.00),
(429, 9, '2024-08-29', 300.00),
(430, 9, '2024-08-30', 565.00),
(431, 9, '2024-08-31', 565.00),
(432, 9, '2024-09-01', 565.00),
(433, 9, '2024-09-02', 300.00),
(434, 9, '2024-09-03', 300.00),
(435, 9, '2024-09-04', 300.00),
(436, 9, '2024-09-09', 300.00),
(437, 9, '2024-09-10', 300.00),
(438, 9, '2024-09-11', 300.00),
(439, 9, '2024-09-05', 300.00),
(440, 9, '2024-09-12', 300.00),
(441, 9, '2024-09-06', 425.00),
(442, 9, '2024-09-07', 425.00),
(443, 9, '2024-09-13', 425.00),
(444, 9, '2024-09-14', 425.00),
(445, 9, '2024-09-08', 300.00),
(446, 9, '2024-09-15', 300.00),
(447, 9, '2024-09-16', 300.00),
(448, 9, '2024-09-17', 300.00),
(449, 9, '2024-09-18', 300.00),
(450, 9, '2024-09-19', 300.00),
(451, 9, '2024-09-22', 300.00),
(452, 9, '2024-09-23', 300.00),
(453, 9, '2024-09-24', 300.00),
(454, 9, '2024-09-25', 300.00),
(455, 9, '2024-09-26', 300.00),
(456, 9, '2024-09-20', 425.00),
(457, 9, '2024-09-21', 425.00),
(458, 9, '2024-09-27', 425.00),
(459, 9, '2024-09-28', 425.00),
(460, 9, '2024-09-29', 300.00),
(461, 9, '2024-09-30', 300.00),
(462, 9, '2024-10-01', 375.00),
(463, 9, '2024-10-02', 375.00),
(464, 9, '2024-10-07', 375.00),
(465, 9, '2024-10-08', 375.00),
(466, 9, '2024-10-09', 375.00),
(467, 9, '2024-10-14', 375.00),
(468, 9, '2024-10-15', 375.00),
(469, 9, '2024-10-16', 375.00),
(470, 9, '2024-10-03', 395.00),
(471, 9, '2024-10-10', 545.00),
(472, 9, '2024-10-11', 695.00),
(473, 9, '2024-10-12', 695.00),
(474, 9, '2024-10-13', 695.00),
(475, 9, '2024-10-06', 395.00),
(476, 9, '2024-10-04', 595.00),
(477, 9, '2024-10-05', 595.00),
(478, 9, '2024-10-18', 595.00),
(479, 9, '2024-10-19', 595.00),
(480, 9, '2024-10-17', 395.00),
(481, 9, '2024-10-20', 395.00),
(482, 9, '2024-10-21', 375.00),
(483, 9, '2024-10-22', 375.00),
(484, 9, '2024-10-23', 375.00),
(485, 9, '2024-10-24', 395.00),
(486, 9, '2024-10-25', 545.00),
(487, 9, '2024-10-26', 545.00),
(488, 9, '2024-10-27', 375.00),
(489, 9, '2024-10-28', 355.00),
(490, 9, '2024-10-29', 355.00),
(491, 9, '2024-10-30', 355.00),
(492, 9, '2024-10-31', 375.00),
(493, 9, '2024-11-01', 495.00),
(494, 9, '2024-11-02', 495.00),
(495, 9, '2024-11-03', 325.00),
(496, 9, '2024-11-04', 225.00),
(497, 9, '2024-11-05', 225.00),
(498, 9, '2024-11-06', 225.00),
(499, 9, '2024-11-10', 300.00),
(500, 9, '2024-11-11', 225.00),
(501, 9, '2024-11-12', 225.00),
(502, 9, '2024-11-13', 225.00),
(503, 9, '2024-11-07', 300.00),
(504, 9, '2024-11-08', 425.00),
(505, 9, '2024-11-09', 425.00),
(506, 9, '2024-11-14', 300.00),
(507, 9, '2024-11-15', 425.00),
(508, 9, '2024-11-16', 425.00),
(509, 9, '2024-11-17', 300.00),
(510, 9, '2024-11-18', 225.00),
(511, 9, '2024-11-19', 225.00),
(512, 9, '2024-11-20', 225.00),
(513, 9, '2024-11-21', 300.00),
(514, 9, '2024-11-22', 425.00),
(515, 9, '2024-11-23', 425.00),
(516, 9, '2024-11-24', 300.00),
(517, 9, '2024-11-25', 225.00),
(518, 9, '2024-11-26', 225.00),
(519, 9, '2024-11-27', 895.00),
(520, 9, '2024-11-28', 895.00),
(521, 9, '2024-11-29', 895.00),
(522, 9, '2024-11-30', 895.00),
(523, 9, '2024-12-01', 275.00),
(524, 9, '2024-12-02', 275.00),
(525, 9, '2024-12-03', 275.00),
(526, 9, '2024-12-04', 300.00),
(527, 9, '2024-12-05', 395.00),
(528, 9, '2024-12-06', 565.00),
(529, 9, '2024-12-07', 565.00),
(530, 9, '2024-12-08', 395.00),
(531, 9, '2024-12-09', 300.00),
(532, 9, '2024-12-10', 300.00),
(533, 9, '2024-12-11', 300.00),
(534, 9, '2024-12-12', 395.00),
(535, 9, '2024-12-13', 565.00),
(536, 9, '2024-12-14', 565.00),
(537, 9, '2024-12-15', 395.00),
(538, 9, '2024-12-16', 300.00),
(539, 9, '2024-12-17', 300.00),
(540, 9, '2024-12-18', 300.00),
(541, 9, '2024-12-19', 385.00),
(542, 9, '2024-12-20', 695.00),
(543, 9, '2024-12-21', 695.00),
(544, 9, '2024-12-22', 795.00),
(545, 9, '2024-12-23', 795.00),
(546, 9, '2024-12-24', 995.00),
(547, 9, '2024-12-25', 995.00),
(548, 9, '2024-12-26', 1195.00),
(549, 9, '2024-12-27', 1195.00),
(550, 9, '2024-12-28', 1195.00),
(551, 9, '2024-12-29', 1195.00),
(552, 9, '2024-12-30', 1195.00),
(553, 9, '2024-12-31', 1195.00),
(554, 9, '2025-01-01', 610.00),
(555, 9, '2025-01-02', 610.00),
(556, 9, '2025-01-03', 785.00),
(557, 9, '2025-01-04', 785.00),
(558, 9, '2025-01-05', 625.00),
(559, 9, '2025-01-06', 425.00),
(560, 9, '2025-01-07', 425.00),
(561, 9, '2025-01-08', 425.00),
(562, 9, '2025-01-13', 425.00),
(563, 9, '2025-01-14', 425.00),
(564, 9, '2025-01-15', 425.00),
(565, 9, '2025-01-12', 625.00),
(566, 9, '2025-01-09', 625.00),
(567, 9, '2025-01-16', 625.00),
(568, 9, '2025-01-10', 885.00),
(569, 9, '2025-01-11', 885.00),
(570, 9, '2025-01-17', 995.00),
(571, 9, '2025-01-18', 995.00),
(572, 9, '2025-01-19', 995.00),
(573, 9, '2025-01-20', 425.00),
(574, 9, '2025-01-21', 425.00),
(575, 9, '2025-01-22', 425.00),
(576, 9, '2025-01-23', 625.00),
(577, 9, '2025-01-24', 895.00),
(578, 9, '2025-01-25', 895.00),
(579, 9, '2025-01-26', 625.00),
(580, 9, '2025-01-27', 425.00),
(581, 9, '2025-01-28', 425.00),
(582, 9, '2025-01-29', 425.00),
(583, 9, '2025-01-30', 625.00),
(584, 9, '2025-01-31', 895.00),
(585, 9, '2025-02-01', 895.00),
(586, 9, '2025-02-02', 625.00),
(587, 9, '2025-02-03', 425.00),
(588, 9, '2025-02-04', 425.00),
(589, 9, '2025-02-05', 425.00),
(590, 9, '2025-02-06', 625.00),
(591, 9, '2025-02-07', 895.00),
(592, 9, '2025-02-08', 895.00),
(593, 9, '2025-02-14', 995.00),
(594, 9, '2025-02-15', 995.00),
(595, 9, '2025-02-16', 995.00),
(596, 9, '2025-02-09', 625.00),
(597, 9, '2025-02-10', 545.00),
(598, 9, '2025-02-11', 545.00),
(599, 9, '2025-02-12', 545.00),
(600, 9, '2025-02-17', 545.00),
(601, 9, '2025-02-18', 545.00),
(602, 9, '2025-02-19', 545.00),
(603, 9, '2025-02-13', 625.00),
(604, 9, '2025-02-20', 625.00),
(605, 9, '2025-02-21', 895.00),
(606, 9, '2025-02-22', 895.00),
(607, 9, '2025-02-23', 625.00),
(608, 9, '2025-02-24', 425.00),
(609, 9, '2025-02-25', 425.00),
(610, 9, '2025-02-26', 425.00),
(611, 9, '2025-02-27', 625.00),
(612, 9, '2025-02-28', 895.00),
(613, 9, '2025-03-01', 895.00),
(614, 10, '2024-03-07', 525.00),
(615, 10, '2024-03-08', 785.00),
(616, 10, '2024-03-09', 785.00),
(617, 10, '2024-03-14', 525.00),
(618, 10, '2024-03-15', 785.00),
(619, 10, '2024-03-16', 785.00),
(620, 10, '2024-04-11', 335.00),
(621, 10, '2024-04-12', 495.00),
(622, 10, '2024-04-13', 495.00),
(623, 10, '2024-04-14', 295.00),
(624, 10, '2024-04-15', 245.00),
(625, 10, '2024-04-16', 245.00),
(626, 10, '2024-05-01', 225.00),
(627, 10, '2024-05-02', 295.00),
(628, 10, '2024-05-03', 475.00),
(629, 10, '2024-05-04', 475.00),
(630, 10, '2024-05-10', 475.00),
(631, 10, '2024-05-11', 475.00),
(632, 10, '2024-05-17', 475.00),
(633, 10, '2024-05-18', 475.00),
(634, 10, '2024-05-24', 585.00),
(635, 10, '2024-05-25', 585.00),
(636, 10, '2024-05-26', 585.00),
(637, 10, '2024-05-31', 495.00),
(638, 10, '2024-06-01', 495.00),
(639, 10, '2024-05-06', 252.00),
(640, 10, '2024-05-07', 252.00),
(641, 10, '2024-05-08', 252.00),
(642, 10, '2024-05-13', 252.00),
(643, 10, '2024-05-14', 252.00),
(644, 10, '2024-05-15', 252.00),
(645, 10, '2024-05-20', 252.00),
(646, 10, '2024-05-21', 252.00),
(647, 10, '2024-05-22', 252.00),
(648, 10, '2024-05-27', 252.00),
(649, 10, '2024-05-28', 252.00),
(650, 10, '2024-05-29', 252.00),
(651, 10, '2024-05-09', 295.00),
(652, 10, '2024-05-16', 295.00),
(653, 10, '2024-05-23', 295.00),
(654, 10, '2024-05-05', 295.00),
(655, 10, '2024-05-12', 295.00),
(656, 10, '2024-05-19', 295.00),
(657, 10, '2024-05-30', 295.00),
(658, 10, '2024-06-02', 295.00),
(659, 10, '2024-06-03', 282.00),
(660, 10, '2024-06-04', 282.00),
(661, 10, '2024-06-05', 282.00),
(662, 10, '2024-06-10', 282.00),
(663, 10, '2024-06-11', 282.00),
(664, 10, '2024-06-12', 282.00),
(665, 10, '2024-06-17', 282.00),
(666, 10, '2024-06-18', 282.00),
(667, 10, '2024-06-19', 282.00),
(668, 10, '2024-06-09', 315.00),
(669, 10, '2024-06-06', 295.00),
(670, 10, '2024-06-13', 315.00),
(671, 10, '2024-06-16', 335.00),
(672, 10, '2024-06-07', 495.00),
(673, 10, '2024-06-08', 495.00),
(674, 10, '2024-06-14', 495.00),
(675, 10, '2024-06-15', 495.00),
(676, 10, '2024-06-20', 375.00),
(677, 10, '2024-06-21', 495.00),
(678, 10, '2024-06-22', 495.00),
(679, 10, '2024-06-23', 365.00),
(680, 10, '2024-06-24', 315.00),
(681, 10, '2024-06-25', 315.00),
(682, 10, '2024-06-26', 315.00),
(683, 10, '2024-06-27', 375.00),
(684, 10, '2024-06-28', 545.00),
(685, 10, '2024-06-29', 545.00),
(686, 10, '2024-06-30', 375.00),
(687, 10, '2024-07-01', 315.00),
(688, 10, '2024-07-02', 315.00),
(689, 10, '2024-07-03', 595.00),
(690, 10, '2024-07-04', 595.00),
(691, 10, '2024-07-05', 595.00),
(692, 10, '2024-07-06', 595.00),
(693, 10, '2024-07-07', 375.00),
(694, 10, '2024-07-08', 335.00),
(695, 10, '2024-07-09', 335.00),
(696, 10, '2024-07-10', 335.00),
(697, 10, '2024-07-15', 335.00),
(698, 10, '2024-07-16', 335.00),
(699, 10, '2024-07-17', 335.00),
(700, 10, '2024-07-11', 375.00),
(701, 10, '2024-07-12', 595.00),
(702, 10, '2024-07-13', 595.00),
(703, 10, '2024-07-14', 375.00),
(704, 10, '2024-07-18', 375.00),
(705, 10, '2024-07-19', 595.00),
(706, 10, '2024-07-20', 595.00),
(707, 10, '2024-07-26', 595.00),
(708, 10, '2024-07-27', 595.00),
(709, 10, '2024-07-21', 375.00),
(710, 10, '2024-07-22', 335.00),
(711, 10, '2024-07-23', 335.00),
(712, 10, '2024-07-24', 335.00),
(713, 10, '2024-07-25', 375.00),
(714, 10, '2024-07-28', 385.00),
(715, 10, '2024-07-29', 335.00),
(716, 10, '2024-07-30', 335.00),
(717, 10, '2024-07-31', 335.00),
(718, 10, '2024-08-01', 375.00),
(719, 10, '2024-08-02', 595.00),
(720, 10, '2024-08-03', 595.00),
(721, 10, '2024-08-04', 375.00),
(722, 10, '2024-08-05', 345.00),
(723, 10, '2024-08-06', 345.00),
(724, 10, '2024-08-07', 345.00),
(725, 10, '2024-08-12', 345.00),
(726, 10, '2024-08-13', 345.00),
(727, 10, '2024-08-14', 345.00),
(728, 10, '2024-08-19', 345.00),
(729, 10, '2024-08-20', 345.00),
(730, 10, '2024-08-21', 345.00),
(731, 10, '2024-08-11', 375.00),
(732, 10, '2024-08-18', 375.00),
(733, 10, '2024-08-08', 375.00),
(734, 10, '2024-08-15', 375.00),
(735, 10, '2024-08-22', 375.00),
(736, 10, '2024-08-09', 595.00),
(737, 10, '2024-08-10', 595.00),
(738, 10, '2024-08-16', 595.00),
(739, 10, '2024-08-17', 595.00),
(740, 10, '2024-08-23', 545.00),
(741, 10, '2024-08-24', 545.00),
(742, 10, '2024-08-30', 545.00),
(743, 10, '2024-08-31', 545.00),
(744, 10, '2024-08-25', 335.00),
(745, 10, '2024-08-26', 315.00),
(746, 10, '2024-08-27', 315.00),
(747, 10, '2024-08-28', 315.00),
(748, 10, '2024-08-29', 335.00),
(749, 10, '2024-09-01', 545.00),
(750, 10, '2024-09-02', 265.00),
(751, 10, '2024-09-03', 252.00),
(752, 10, '2024-09-04', 252.00),
(753, 10, '2024-09-09', 252.00),
(754, 10, '2024-09-10', 252.00),
(755, 10, '2024-09-11', 252.00),
(756, 10, '2024-09-16', 252.00),
(757, 10, '2024-09-17', 252.00),
(758, 10, '2024-09-18', 252.00),
(759, 10, '2024-09-08', 315.00),
(760, 10, '2024-09-05', 315.00),
(761, 10, '2024-09-06', 495.00),
(762, 10, '2024-09-07', 495.00),
(763, 10, '2024-09-13', 495.00),
(764, 10, '2024-09-14', 495.00),
(765, 10, '2024-09-20', 495.00),
(766, 10, '2024-09-21', 495.00),
(767, 10, '2024-09-12', 325.00),
(768, 10, '2024-09-19', 325.00),
(769, 10, '2024-09-15', 325.00),
(770, 10, '2024-09-22', 325.00),
(771, 10, '2024-09-23', 252.00),
(772, 10, '2024-09-24', 252.00),
(773, 10, '2024-09-25', 252.00),
(774, 10, '2024-09-26', 325.00),
(775, 10, '2024-09-27', 495.00),
(776, 10, '2024-09-28', 495.00),
(777, 10, '2024-09-29', 325.00),
(778, 10, '2024-09-30', 300.00),
(779, 10, '2024-10-01', 300.00),
(780, 10, '2024-10-02', 300.00),
(781, 10, '2024-10-03', 375.00),
(782, 10, '2024-10-04', 545.00),
(783, 10, '2024-10-05', 545.00),
(784, 10, '2024-10-10', 595.00),
(785, 10, '2024-10-11', 595.00),
(786, 10, '2024-10-12', 595.00),
(787, 10, '2024-10-18', 545.00),
(788, 10, '2024-10-19', 545.00),
(789, 10, '2024-10-25', 495.00),
(790, 10, '2024-10-26', 495.00),
(791, 10, '2024-10-13', 595.00),
(792, 10, '2024-10-06', 385.00),
(793, 10, '2024-10-07', 365.00),
(794, 10, '2024-10-08', 365.00),
(795, 10, '2024-10-09', 365.00),
(796, 10, '2024-10-14', 365.00),
(797, 10, '2024-10-15', 365.00),
(798, 10, '2024-10-16', 365.00),
(799, 10, '2024-10-17', 385.00),
(800, 10, '2024-10-20', 385.00),
(801, 10, '2024-10-21', 365.00),
(802, 10, '2024-10-22', 365.00),
(803, 10, '2024-10-23', 365.00),
(804, 10, '2024-10-24', 385.00),
(805, 10, '2024-10-27', 385.00),
(806, 10, '2024-10-28', 365.00),
(807, 10, '2024-10-29', 365.00),
(808, 10, '2024-10-30', 365.00),
(809, 10, '2024-10-31', 365.00),
(810, 10, '2024-11-01', 385.00),
(811, 10, '2024-11-02', 385.00),
(812, 10, '2024-11-08', 385.00),
(813, 10, '2024-11-09', 385.00),
(814, 10, '2024-11-15', 385.00),
(815, 10, '2024-11-16', 385.00),
(816, 10, '2024-11-22', 385.00),
(817, 10, '2024-11-23', 385.00),
(818, 10, '2024-11-27', 695.00),
(819, 10, '2024-11-28', 695.00),
(820, 10, '2024-11-29', 695.00),
(821, 10, '2024-11-30', 695.00),
(822, 10, '2024-11-03', 325.00),
(823, 10, '2024-11-07', 325.00),
(824, 10, '2024-11-10', 325.00),
(825, 10, '2024-11-14', 325.00),
(826, 10, '2024-11-17', 325.00),
(827, 10, '2024-11-21', 325.00),
(828, 10, '2024-11-04', 224.00),
(829, 10, '2024-11-05', 224.00),
(830, 10, '2024-11-06', 224.00),
(831, 10, '2024-11-11', 224.00),
(832, 10, '2024-11-12', 224.00),
(833, 10, '2024-11-13', 224.00),
(834, 10, '2024-11-18', 224.00),
(835, 10, '2024-11-19', 224.00),
(836, 10, '2024-11-20', 224.00),
(837, 10, '2024-11-24', 325.00),
(838, 10, '2024-11-25', 252.00),
(839, 10, '2024-11-26', 252.00),
(840, 10, '2024-12-01', 365.00),
(841, 10, '2024-12-02', 252.00),
(842, 10, '2024-12-03', 252.00),
(843, 10, '2024-12-04', 252.00),
(844, 10, '2024-12-09', 252.00),
(845, 10, '2024-12-10', 252.00),
(846, 10, '2024-12-11', 252.00),
(847, 10, '2024-12-16', 295.00),
(848, 10, '2024-12-17', 295.00),
(849, 10, '2024-12-18', 295.00),
(850, 10, '2024-12-05', 365.00),
(851, 10, '2024-12-12', 365.00),
(852, 10, '2024-12-08', 365.00),
(853, 10, '2024-12-15', 365.00),
(854, 10, '2024-12-06', 595.00),
(855, 10, '2024-12-07', 595.00),
(856, 10, '2024-12-13', 595.00),
(857, 10, '2024-12-14', 595.00),
(858, 10, '2024-12-19', 365.00),
(859, 10, '2024-12-20', 695.00),
(860, 10, '2024-12-21', 695.00),
(861, 10, '2024-12-22', 595.00),
(862, 10, '2024-12-23', 595.00),
(863, 10, '2024-12-24', 895.00),
(864, 10, '2024-12-25', 895.00),
(865, 10, '2024-12-26', 1195.00),
(866, 10, '2024-12-27', 1195.00),
(867, 10, '2024-12-28', 1195.00),
(868, 10, '2024-12-29', 1195.00),
(869, 10, '2024-12-30', 1195.00),
(870, 10, '2024-12-31', 1195.00),
(871, 10, '2025-01-01', 425.00),
(872, 10, '2025-01-02', 565.00),
(873, 10, '2025-01-03', 725.00),
(874, 10, '2025-01-04', 725.00),
(875, 10, '2025-01-10', 795.00),
(876, 10, '2025-01-11', 795.00),
(877, 10, '2025-01-05', 565.00),
(878, 10, '2025-01-12', 565.00),
(879, 10, '2025-01-06', 425.00),
(880, 10, '2025-01-07', 425.00),
(881, 10, '2025-01-08', 425.00),
(882, 10, '2025-01-13', 425.00),
(883, 10, '2025-01-14', 425.00),
(884, 10, '2025-01-15', 425.00),
(885, 10, '2025-01-09', 565.00),
(886, 10, '2025-01-16', 565.00),
(887, 10, '2025-01-17', 995.00),
(888, 10, '2025-01-18', 995.00),
(889, 10, '2025-01-19', 995.00),
(890, 10, '2025-01-20', 425.00),
(891, 10, '2025-01-21', 425.00),
(892, 10, '2025-01-22', 425.00),
(893, 10, '2025-01-27', 425.00),
(894, 10, '2025-01-28', 425.00),
(895, 10, '2025-01-29', 425.00),
(896, 10, '2025-01-23', 565.00),
(897, 10, '2025-01-24', 795.00),
(898, 10, '2025-01-25', 795.00),
(899, 10, '2025-01-31', 795.00),
(900, 10, '2025-02-01', 795.00),
(901, 10, '2025-01-30', 565.00),
(902, 10, '2025-01-26', 565.00),
(903, 10, '2025-02-02', 595.00),
(904, 10, '2025-02-03', 445.00),
(905, 10, '2025-02-04', 445.00),
(906, 10, '2025-02-05', 445.00),
(907, 10, '2025-02-06', 565.00),
(908, 10, '2025-02-07', 795.00),
(909, 10, '2025-02-08', 795.00),
(910, 10, '2025-02-09', 565.00),
(911, 10, '2025-02-10', 495.00),
(912, 10, '2025-02-11', 495.00),
(913, 10, '2025-02-12', 495.00),
(914, 10, '2025-02-17', 495.00),
(915, 10, '2025-02-18', 495.00),
(916, 10, '2025-02-19', 495.00),
(917, 10, '2025-02-13', 565.00),
(918, 10, '2025-02-14', 995.00),
(919, 10, '2025-02-15', 995.00),
(920, 10, '2025-02-16', 995.00),
(921, 10, '2025-02-20', 565.00),
(922, 10, '2025-02-21', 795.00),
(923, 10, '2025-02-22', 795.00),
(924, 10, '2025-02-23', 565.00),
(925, 10, '2025-02-24', 445.00),
(926, 10, '2025-02-25', 445.00),
(927, 10, '2025-02-26', 445.00),
(928, 10, '2025-02-27', 565.00),
(929, 10, '2025-02-28', 795.00),
(930, 10, '2025-03-01', 795.00),
(931, 11, '2024-01-23', 400.00),
(932, 11, '2024-01-24', 400.00),
(933, 11, '2024-01-25', 565.00),
(934, 11, '2024-01-26', 785.00),
(935, 11, '2024-01-27', 785.00),
(936, 11, '2024-01-28', 565.00),
(937, 11, '2024-01-29', 425.00),
(938, 11, '2024-01-30', 425.00),
(939, 11, '2024-01-31', 425.00),
(940, 11, '2024-02-01', 565.00),
(941, 11, '2024-02-02', 785.00),
(942, 11, '2024-02-03', 785.00),
(943, 11, '2024-02-04', 565.00),
(944, 11, '2024-02-05', 425.00),
(945, 11, '2024-02-06', 425.00),
(946, 11, '2024-02-07', 425.00),
(947, 11, '2024-02-12', 425.00),
(948, 11, '2024-02-13', 425.00),
(949, 11, '2024-02-14', 375.00),
(950, 11, '2024-02-15', 375.00),
(951, 11, '2024-02-08', 565.00),
(952, 11, '2024-02-09', 785.00),
(953, 11, '2024-02-10', 785.00),
(954, 11, '2024-02-11', 785.00),
(955, 11, '2024-02-16', 785.00),
(956, 11, '2024-02-17', 785.00),
(957, 11, '2024-02-18', 785.00),
(958, 11, '2024-02-19', 425.00),
(959, 11, '2024-02-20', 425.00),
(960, 11, '2024-02-21', 425.00),
(961, 11, '2024-02-22', 565.00),
(962, 11, '2024-02-23', 785.00),
(963, 11, '2024-02-24', 595.00),
(964, 11, '2024-02-25', 595.00),
(965, 11, '2024-02-26', 425.00),
(966, 11, '2024-02-27', 425.00),
(967, 11, '2024-02-28', 425.00),
(968, 11, '2024-02-29', 565.00),
(969, 11, '2024-03-01', 785.00),
(970, 11, '2024-03-02', 785.00),
(971, 11, '2024-03-03', 425.00),
(972, 11, '2024-03-04', 425.00),
(973, 11, '2024-03-05', 425.00),
(974, 11, '2024-03-06', 425.00),
(975, 11, '2024-03-07', 565.00),
(976, 11, '2024-03-08', 695.00),
(977, 11, '2024-03-09', 695.00),
(978, 11, '2024-03-10', 565.00),
(979, 11, '2024-03-11', 425.00),
(980, 11, '2024-03-12', 425.00),
(981, 11, '2024-03-13', 425.00),
(982, 11, '2024-03-14', 565.00),
(983, 11, '2024-03-15', 695.00),
(984, 11, '2024-03-16', 595.00),
(985, 11, '2024-03-17', 395.00),
(986, 11, '2024-03-18', 375.00),
(987, 11, '2024-03-19', 375.00),
(988, 11, '2024-03-20', 375.00),
(989, 11, '2024-03-21', 425.00),
(990, 11, '2024-03-22', 695.00),
(991, 11, '2024-03-23', 695.00),
(992, 11, '2024-03-29', 625.00),
(993, 11, '2024-03-30', 625.00),
(994, 11, '2024-03-24', 365.00),
(995, 11, '2024-03-25', 335.00),
(996, 11, '2024-03-26', 335.00),
(997, 11, '2024-03-27', 335.00),
(998, 11, '2024-03-28', 335.00),
(999, 11, '2024-03-31', 395.00),
(1000, 11, '2024-04-01', 335.00),
(1001, 11, '2024-04-02', 335.00),
(1002, 11, '2024-04-03', 335.00),
(1003, 11, '2024-04-04', 395.00),
(1004, 11, '2024-04-05', 575.00),
(1005, 11, '2024-04-06', 575.00),
(1006, 11, '2024-04-12', 425.00),
(1007, 11, '2024-04-13', 425.00),
(1008, 11, '2024-04-19', 385.00),
(1009, 11, '2024-04-20', 385.00),
(1010, 11, '2024-04-26', 385.00),
(1011, 11, '2024-04-27', 385.00),
(1012, 11, '2024-04-07', 345.00),
(1013, 11, '2024-04-08', 335.00),
(1014, 11, '2024-04-09', 335.00),
(1015, 11, '2024-04-10', 335.00),
(1016, 11, '2024-04-11', 345.00),
(1017, 11, '2024-04-14', 265.00),
(1018, 11, '2024-04-15', 228.00),
(1019, 11, '2024-04-16', 228.00),
(1020, 11, '2024-04-17', 228.00),
(1021, 11, '2024-04-22', 228.00),
(1022, 11, '2024-04-23', 228.00),
(1023, 11, '2024-04-24', 228.00),
(1024, 11, '2024-04-21', 265.00),
(1025, 11, '2024-04-18', 255.00),
(1026, 11, '2024-04-25', 255.00),
(1027, 11, '2024-04-28', 265.00),
(1028, 11, '2024-04-29', 228.00),
(1029, 11, '2024-04-30', 228.00),
(1030, 11, '2024-05-01', 228.00),
(1031, 11, '2024-05-02', 255.00),
(1032, 11, '2024-05-03', 425.00),
(1033, 11, '2024-05-04', 425.00),
(1034, 11, '2024-05-10', 425.00),
(1035, 11, '2024-05-11', 425.00),
(1036, 11, '2024-05-17', 425.00),
(1037, 11, '2024-05-18', 425.00),
(1038, 11, '2024-05-24', 585.00),
(1039, 11, '2024-05-25', 585.00),
(1040, 11, '2024-05-26', 585.00),
(1041, 11, '2024-05-05', 265.00),
(1042, 11, '2024-05-12', 265.00),
(1043, 11, '2024-05-06', 228.00),
(1044, 11, '2024-05-07', 228.00),
(1045, 11, '2024-05-08', 228.00),
(1046, 11, '2024-05-13', 237.00),
(1047, 11, '2024-05-14', 237.00),
(1048, 11, '2024-05-15', 237.00),
(1049, 11, '2024-05-20', 237.00),
(1050, 11, '2024-05-21', 237.00),
(1051, 11, '2024-05-22', 237.00),
(1052, 11, '2024-05-09', 255.00),
(1053, 11, '2024-05-16', 255.00),
(1054, 11, '2024-05-23', 275.00),
(1055, 11, '2024-05-19', 275.00),
(1056, 11, '2024-05-27', 237.00),
(1057, 11, '2024-05-28', 237.00),
(1058, 11, '2024-05-29', 237.00),
(1059, 11, '2024-05-30', 275.00),
(1060, 11, '2024-05-31', 425.00),
(1061, 11, '2024-06-01', 425.00),
(1062, 11, '2024-06-02', 375.00),
(1063, 11, '2024-06-03', 285.00),
(1064, 11, '2024-06-04', 285.00),
(1065, 11, '2024-06-05', 285.00),
(1066, 11, '2024-06-10', 325.00),
(1067, 11, '2024-06-11', 325.00),
(1068, 11, '2024-06-12', 325.00),
(1069, 11, '2024-06-09', 375.00),
(1070, 11, '2024-06-06', 375.00),
(1071, 11, '2024-06-07', 425.00),
(1072, 11, '2024-06-08', 425.00),
(1073, 11, '2024-06-14', 495.00),
(1074, 11, '2024-06-15', 495.00),
(1075, 11, '2024-06-21', 495.00),
(1076, 11, '2024-06-22', 495.00),
(1077, 11, '2024-06-28', 565.00),
(1078, 11, '2024-06-29', 565.00),
(1079, 11, '2024-06-13', 375.00),
(1080, 11, '2024-06-20', 425.00),
(1081, 11, '2024-06-16', 375.00),
(1082, 11, '2024-06-17', 325.00),
(1083, 11, '2024-06-18', 325.00),
(1084, 11, '2024-06-19', 325.00),
(1085, 11, '2024-06-23', 375.00),
(1086, 11, '2024-06-24', 365.00),
(1087, 11, '2024-06-25', 365.00),
(1088, 11, '2024-06-26', 365.00),
(1089, 11, '2024-06-27', 425.00),
(1090, 11, '2024-06-30', 425.00),
(1091, 11, '2024-07-01', 365.00),
(1092, 11, '2024-07-02', 365.00),
(1093, 11, '2024-07-03', 365.00),
(1094, 11, '2024-07-08', 365.00),
(1095, 11, '2024-07-09', 365.00),
(1096, 11, '2024-07-10', 365.00),
(1097, 11, '2024-07-15', 365.00),
(1098, 11, '2024-07-16', 365.00),
(1099, 11, '2024-07-17', 365.00),
(1100, 11, '2024-07-22', 365.00),
(1101, 11, '2024-07-23', 365.00),
(1102, 11, '2024-07-24', 365.00),
(1103, 11, '2024-07-07', 395.00),
(1104, 11, '2024-07-14', 395.00),
(1105, 11, '2024-07-21', 395.00),
(1106, 11, '2024-07-04', 395.00),
(1107, 11, '2024-07-05', 565.00),
(1108, 11, '2024-07-06', 565.00),
(1109, 11, '2024-07-12', 565.00),
(1110, 11, '2024-07-13', 565.00),
(1111, 11, '2024-07-19', 565.00),
(1112, 11, '2024-07-20', 565.00),
(1113, 11, '2024-07-26', 565.00),
(1114, 11, '2024-07-27', 565.00),
(1115, 11, '2024-07-11', 395.00),
(1116, 11, '2024-07-18', 395.00),
(1117, 11, '2024-07-25', 395.00),
(1118, 11, '2024-07-28', 395.00),
(1119, 11, '2024-07-29', 365.00),
(1120, 11, '2024-07-30', 365.00),
(1121, 11, '2024-07-31', 365.00),
(1122, 11, '2024-08-01', 395.00),
(1123, 11, '2024-08-02', 565.00),
(1124, 11, '2024-08-03', 565.00),
(1125, 11, '2024-08-04', 395.00),
(1126, 11, '2024-08-05', 365.00),
(1127, 11, '2024-08-06', 365.00),
(1128, 11, '2024-08-07', 365.00),
(1129, 11, '2024-08-12', 365.00),
(1130, 11, '2024-08-13', 365.00),
(1131, 11, '2024-08-14', 365.00),
(1132, 11, '2024-08-19', 365.00),
(1133, 11, '2024-08-20', 365.00),
(1134, 11, '2024-08-21', 365.00),
(1135, 11, '2024-08-26', 335.00),
(1136, 11, '2024-08-27', 335.00),
(1137, 11, '2024-08-28', 335.00),
(1138, 11, '2024-08-11', 395.00),
(1139, 11, '2024-08-18', 395.00),
(1140, 11, '2024-08-08', 395.00),
(1141, 11, '2024-08-15', 395.00),
(1142, 11, '2024-08-22', 395.00),
(1143, 11, '2024-08-09', 565.00),
(1144, 11, '2024-08-10', 565.00),
(1145, 11, '2024-08-16', 565.00),
(1146, 11, '2024-08-17', 565.00),
(1147, 11, '2024-08-23', 565.00),
(1148, 11, '2024-08-24', 565.00),
(1149, 11, '2024-08-25', 365.00),
(1150, 11, '2024-08-29', 365.00),
(1151, 11, '2024-08-30', 595.00),
(1152, 11, '2024-08-31', 595.00),
(1153, 11, '2024-09-01', 595.00),
(1154, 11, '2024-09-02', 252.00),
(1155, 11, '2024-09-03', 252.00),
(1156, 11, '2024-09-04', 252.00),
(1157, 11, '2024-09-09', 252.00),
(1158, 11, '2024-09-10', 252.00),
(1159, 11, '2024-09-11', 252.00),
(1160, 11, '2024-09-16', 252.00),
(1161, 11, '2024-09-17', 252.00),
(1162, 11, '2024-09-18', 252.00),
(1163, 11, '2024-09-23', 252.00),
(1164, 11, '2024-09-24', 252.00),
(1165, 11, '2024-09-25', 252.00),
(1166, 11, '2024-09-30', 335.00),
(1167, 11, '2024-10-01', 335.00),
(1168, 11, '2024-10-02', 335.00),
(1169, 11, '2024-09-08', 385.00),
(1170, 11, '2024-09-15', 385.00),
(1171, 11, '2024-09-22', 385.00),
(1172, 11, '2024-09-05', 385.00),
(1173, 11, '2024-09-12', 385.00),
(1174, 11, '2024-09-19', 385.00),
(1175, 11, '2024-09-26', 385.00),
(1176, 11, '2024-09-06', 395.00),
(1177, 11, '2024-09-07', 395.00),
(1178, 11, '2024-09-13', 445.00),
(1179, 11, '2024-09-14', 445.00),
(1180, 11, '2024-09-20', 445.00),
(1181, 11, '2024-09-21', 445.00),
(1182, 11, '2024-09-27', 445.00),
(1183, 11, '2024-09-28', 445.00),
(1184, 11, '2024-10-03', 385.00),
(1185, 11, '2024-10-04', 565.00),
(1186, 11, '2024-10-05', 565.00),
(1187, 11, '2024-09-29', 385.00),
(1188, 11, '2024-10-06', 425.00),
(1189, 11, '2024-10-07', 335.00),
(1190, 11, '2024-10-08', 335.00),
(1191, 11, '2024-10-09', 335.00),
(1192, 11, '2024-10-14', 335.00),
(1193, 11, '2024-10-15', 335.00),
(1194, 11, '2024-10-16', 335.00),
(1195, 11, '2024-10-10', 495.00),
(1196, 11, '2024-10-11', 595.00),
(1197, 11, '2024-10-12', 595.00),
(1198, 11, '2024-10-13', 595.00),
(1199, 11, '2024-10-17', 425.00),
(1200, 11, '2024-10-18', 565.00),
(1201, 11, '2024-10-19', 565.00),
(1202, 11, '2024-10-25', 495.00),
(1203, 11, '2024-10-26', 495.00),
(1204, 11, '2024-10-21', 335.00),
(1205, 11, '2024-10-22', 335.00),
(1206, 11, '2024-10-23', 335.00),
(1207, 11, '2024-10-20', 425.00),
(1208, 11, '2024-10-24', 425.00),
(1209, 11, '2024-10-27', 335.00),
(1210, 11, '2024-10-28', 285.00),
(1211, 11, '2024-10-29', 285.00),
(1212, 11, '2024-10-30', 285.00),
(1213, 11, '2024-10-31', 335.00),
(1214, 11, '2024-11-01', 425.00),
(1215, 11, '2024-11-02', 425.00),
(1216, 11, '2024-11-03', 275.00),
(1217, 11, '2024-11-04', 224.00),
(1218, 11, '2024-11-05', 224.00),
(1219, 11, '2024-11-06', 224.00),
(1220, 11, '2024-11-11', 224.00),
(1221, 11, '2024-11-12', 224.00),
(1222, 11, '2024-11-13', 224.00),
(1223, 11, '2024-11-18', 224.00),
(1224, 11, '2024-11-19', 224.00),
(1225, 11, '2024-11-20', 224.00),
(1226, 11, '2024-11-07', 275.00),
(1227, 11, '2024-11-10', 275.00),
(1228, 11, '2024-11-08', 345.00),
(1229, 11, '2024-11-09', 345.00),
(1230, 11, '2024-11-15', 345.00),
(1231, 11, '2024-11-16', 345.00),
(1232, 11, '2024-11-14', 275.00),
(1233, 11, '2024-11-17', 275.00),
(1234, 11, '2024-11-21', 275.00),
(1235, 11, '2024-11-22', 345.00),
(1236, 11, '2024-11-23', 345.00),
(1237, 11, '2024-11-24', 275.00),
(1238, 11, '2024-11-25', 224.00),
(1239, 11, '2024-11-26', 224.00),
(1240, 11, '2024-11-27', 695.00),
(1241, 11, '2024-11-28', 695.00),
(1242, 11, '2024-11-29', 695.00),
(1243, 11, '2024-11-30', 695.00),
(1244, 11, '2024-12-01', 325.00),
(1245, 11, '2024-12-02', 325.00),
(1246, 11, '2024-12-03', 325.00),
(1247, 11, '2024-12-04', 325.00),
(1248, 11, '2024-12-05', 425.00),
(1249, 11, '2024-12-08', 425.00),
(1250, 11, '2024-12-09', 325.00),
(1251, 11, '2024-12-10', 325.00),
(1252, 11, '2024-12-11', 325.00),
(1253, 11, '2024-12-16', 325.00),
(1254, 11, '2024-12-17', 325.00),
(1255, 11, '2024-12-18', 325.00),
(1256, 11, '2024-12-12', 425.00),
(1257, 11, '2024-12-15', 425.00),
(1258, 11, '2024-12-19', 425.00),
(1259, 11, '2024-12-06', 565.00),
(1260, 11, '2024-12-07', 565.00),
(1261, 11, '2024-12-13', 565.00),
(1262, 11, '2024-12-14', 565.00),
(1263, 11, '2024-12-20', 695.00),
(1264, 11, '2024-12-21', 695.00),
(1265, 11, '2024-12-22', 695.00),
(1266, 11, '2024-12-23', 695.00),
(1267, 11, '2024-12-24', 895.00),
(1268, 11, '2024-12-25', 895.00),
(1269, 11, '2024-12-26', 1195.00),
(1270, 11, '2024-12-27', 1195.00),
(1271, 11, '2024-12-28', 1195.00),
(1272, 11, '2024-12-29', 1195.00),
(1273, 11, '2024-12-30', 1195.00),
(1274, 11, '2024-12-31', 1195.00),
(1275, 11, '2025-01-01', 425.00),
(1276, 11, '2025-01-02', 565.00),
(1277, 11, '2025-01-03', 795.00),
(1278, 11, '2025-01-04', 795.00),
(1279, 11, '2025-01-10', 795.00),
(1280, 11, '2025-01-11', 795.00),
(1281, 11, '2025-01-17', 995.00),
(1282, 11, '2025-01-18', 995.00),
(1283, 11, '2025-01-19', 995.00),
(1284, 11, '2025-01-05', 565.00),
(1285, 11, '2025-01-09', 565.00),
(1286, 11, '2025-01-06', 425.00),
(1287, 11, '2025-01-07', 425.00),
(1288, 11, '2025-01-08', 425.00),
(1289, 11, '2025-01-13', 425.00),
(1290, 11, '2025-01-14', 425.00),
(1291, 11, '2025-01-15', 425.00),
(1292, 11, '2025-01-12', 595.00),
(1293, 11, '2025-01-16', 565.00),
(1294, 11, '2025-01-20', 425.00),
(1295, 11, '2025-01-21', 425.00),
(1296, 11, '2025-01-22', 425.00),
(1297, 11, '2025-01-23', 565.00),
(1298, 11, '2025-01-24', 795.00),
(1299, 11, '2025-01-25', 795.00),
(1300, 11, '2025-01-26', 565.00),
(1301, 11, '2025-01-27', 425.00),
(1302, 11, '2025-01-28', 425.00),
(1303, 11, '2025-01-29', 425.00),
(1304, 11, '2025-01-30', 565.00),
(1305, 11, '2025-01-31', 845.00),
(1306, 11, '2025-02-01', 845.00),
(1307, 11, '2025-02-02', 565.00),
(1308, 11, '2025-02-03', 425.00),
(1309, 11, '2025-02-04', 425.00),
(1310, 11, '2025-02-05', 425.00),
(1311, 11, '2025-02-10', 425.00),
(1312, 11, '2025-02-11', 425.00),
(1313, 11, '2025-02-12', 425.00),
(1314, 11, '2025-02-06', 565.00),
(1315, 11, '2025-02-13', 565.00),
(1316, 11, '2025-02-09', 565.00),
(1317, 11, '2025-02-07', 845.00),
(1318, 11, '2025-02-08', 845.00),
(1319, 11, '2025-02-14', 995.00),
(1320, 11, '2025-02-15', 995.00),
(1321, 11, '2025-02-16', 995.00),
(1322, 11, '2025-02-17', 425.00),
(1323, 11, '2025-02-18', 425.00),
(1324, 11, '2025-02-19', 425.00),
(1325, 11, '2025-02-20', 565.00),
(1326, 11, '2025-02-21', 845.00),
(1327, 11, '2025-02-22', 845.00),
(1328, 11, '2025-02-28', 845.00),
(1329, 11, '2025-03-01', 845.00),
(1330, 11, '2025-02-23', 565.00),
(1331, 11, '2025-02-24', 425.00),
(1332, 11, '2025-02-25', 425.00),
(1333, 11, '2025-02-26', 425.00),
(1334, 11, '2025-02-27', 565.00),
(1335, 11, '2025-03-07', 795.00),
(1336, 11, '2025-03-08', 795.00),
(1337, 11, '2025-03-02', 565.00),
(1338, 11, '2025-03-03', 425.00),
(1339, 11, '2025-03-04', 425.00),
(1340, 11, '2025-03-05', 425.00),
(1341, 11, '2025-03-06', 565.00),
(1342, 11, '2025-03-10', 375.00),
(1343, 11, '2025-03-11', 375.00),
(1344, 11, '2025-03-12', 375.00),
(1345, 11, '2025-03-09', 565.00),
(1346, 11, '2025-03-13', 565.00),
(1347, 11, '2025-03-14', 745.00),
(1348, 11, '2025-03-15', 745.00),
(1349, 11, '2025-03-21', 695.00),
(1350, 11, '2025-03-22', 695.00),
(1351, 11, '2025-03-20', 495.00),
(1352, 11, '2025-03-17', 375.00),
(1353, 11, '2025-03-18', 375.00),
(1354, 11, '2025-03-19', 375.00),
(1355, 11, '2025-03-16', 425.00),
(1356, 11, '2025-03-23', 425.00),
(1357, 11, '2025-03-24', 345.00),
(1358, 11, '2025-03-25', 345.00),
(1359, 11, '2025-03-26', 345.00),
(1360, 11, '2025-03-27', 425.00),
(1361, 11, '2025-03-28', 695.00),
(1362, 11, '2025-03-29', 695.00),
(1363, 11, '2025-03-30', 425.00),
(1364, 11, '2025-03-31', 325.00);

-- --------------------------------------------------------

--
-- Table structure for table `properties`
--

CREATE TABLE `properties` (
  `property_id` int(11) NOT NULL,
  `propertyname` varchar(100) NOT NULL,
  `description` longtext NOT NULL,
  `address` varchar(250) NOT NULL,
  `cleaningfee` double(16,2) NOT NULL,
  `extraguest` double(16,2) NOT NULL,
  `hottub` double(16,2) NOT NULL,
  `petfee` double(16,2) DEFAULT NULL,
  `basic_number_of_guest` int(11) NOT NULL,
  `guest_limit` int(11) NOT NULL,
  `slug` varchar(250) NOT NULL,
  `ics_link` varchar(250) NOT NULL
) ENGINE=InnoDB DEFAULT CHARSET=utf8mb4 COLLATE=utf8mb4_general_ci;

--
-- Dumping data for table `properties`
--

INSERT INTO `properties` (`property_id`, `propertyname`, `description`, `address`, `cleaningfee`, `extraguest`, `hottub`, `petfee`, `basic_number_of_guest`, `guest_limit`, `slug`, `ics_link`) VALUES
(9, 'Manchester Woods', '<div class=\"_w61jw8\" style=\"line-height: 1.875rem !important; margin-bottom: 32px !important;\"><h2 tabindex=\"-1\" class=\"hpipapi atm_7l_1kw7nm4 atm_c8_1x4eueo atm_cs_1kw7nm4 atm_g3_1kw7nm4 atm_gi_idpfg4 atm_l8_idpfg4 atm_kd_idpfg4_pfnrn2 dir dir-ltr\" style=\"line-height: inherit; outline: 0px;\">About this space</h2><p style=\"line-height: inherit; outline: 0px;\">﻿<br></p><div align=\"justify\"><blockquote tabindex=\"-1\" class=\"hpipapi atm_7l_1kw7nm4 atm_c8_1x4eueo atm_cs_1kw7nm4 atm_g3_1kw7nm4 atm_gi_idpfg4 atm_l8_idpfg4 atm_kd_idpfg4_pfnrn2 dir dir-ltr blockquote\" style=\"line-height: 1.5; outline: 0px;\" align=\"justify\">\"Manchester Woods\" a beautiful VT Mountain retreat just minutes from Manchester, Bromley, Stratton and Magic Mountains.&nbsp; Freshly revamped in June 2022, our spacious home accommodates\r\nup to 16 guests with three queen bedrooms, three inviting gathering rooms, and\r\nthree full baths, each on its own level, making it the perfect haven for large\r\ngroups, multi-generational families seeking quality time together, or companies\r\nlooking for a team-building retreat.&nbsp;\r\n\r\nThe master bedroom, kitchen, dining and living rooms are all accessible from ground floor entry.&nbsp; Steps away from the best hiking in Southern VT!<br></blockquote></div></div><div class=\"_tp3sbt\" style=\"line-height: 1.5rem !important; word-break: break-word !important; margin-bottom: 24px !important;\"><div class=\"_pgfqnw\" style=\"\"><h2 tabindex=\"-1\" class=\"hpipapi atm_7l_1kw7nm4 atm_c8_1x4eueo atm_cs_1kw7nm4 atm_g3_1kw7nm4 atm_gi_idpfg4 atm_l8_idpfg4 atm_kd_idpfg4_pfnrn2 dir dir-ltr\" style=\"line-height: inherit; outline: 0px;\">The Space</h2><p style=\"line-height: inherit; outline: 0px;\">﻿<br></p></div><div align=\"justify\"><blockquote align=\"justify\" class=\"blockquote\">Our home is \r\nlocated in the Manchester, Bromley Mtn and Stratton \"triangle\" There are\r\n tons of hiking, fishing and swimming options available within a few \r\nminutes of our home within the Green Mountain State Forest. For our \r\nwinter guests our home is 5 minutes to Bromley Mtn, 17 minutes to \r\nStratton Mtn, 20 Minutes to Magic Mtn, and less than 1 hour to Mt Snow \r\nand Okemo!</blockquote></div></div><div class=\"_tp3sbt\" style=\"line-height: 1.5rem !important; word-break: break-word !important; margin-bottom: 24px !important;\"><div class=\"_pgfqnw\" style=\"\"><h2 tabindex=\"-1\" class=\"hpipapi atm_7l_1kw7nm4 atm_c8_1x4eueo atm_cs_1kw7nm4 atm_g3_1kw7nm4 atm_gi_idpfg4 atm_l8_idpfg4 atm_kd_idpfg4_pfnrn2 dir dir-ltr\" style=\"line-height: inherit; outline: 0px;\">Guest Access</h2><p style=\"line-height: inherit; outline: 0px;\">﻿<br></p></div><div align=\"justify\"><blockquote align=\"justify\" class=\"blockquote\">Guests \r\nhave access to our entire home. If your group wishes to use the brand \r\nnew spa during your stay, there is there is a one time additional charge\r\n of $75 as it needs to be treated between each group that stays at our \r\nhome. The charge is the same whether this day is 2 days or a week. We \r\nwill confirm whether or not our guests want to use this feature after \r\nbooking confirmation to ensure that we have treatments scheduled \r\naccordingly.</blockquote></div></div>', '22 Sylvan Ridge Road, Winhall, Vermont, United States 05340', 285.00, 10.00, 75.00, 55.00, 6, 16, 'manchester-woods', 'http://www.vrbo.com/icalendar/943a294e5fc3417dabd303d813bdbd8e.ics?nonTentative'),
(10, 'Manchester Moose Inn', '<div class=\"_w61jw8\" style=\"line-height: 1.2; margin-bottom: 32px !important;\" align=\"justify\"><h2 tabindex=\"-1\" class=\"hpipapi atm_7l_1kw7nm4 atm_c8_1x4eueo atm_cs_1kw7nm4 atm_g3_1kw7nm4 atm_gi_idpfg4 atm_l8_idpfg4 atm_kd_idpfg4_pfnrn2 dir dir-ltr\" elementtiming=\"LCP-target\" style=\"line-height: 1.2; outline: 0px;\"><span style=\"font-size: 12px;\">﻿</span>About This Space</h2><p style=\"line-height: 1.2; outline: 0px;\">We purchased the Manchester Moose in 2018 and have since remodeled every square inch of it, \r\nwe hope you enjoy staying there as much as we do!  ﻿Bromley-Stratton VT Slopeside Ski Home, Minutes from Manchester, Beautifully remodeled VT vacation getaway nested in the Green Mountains.  Closest skiing to quaint Manchester , VT.  Minutes from snowboarding, hiking, fine dining and shopping.  This home features 5 bedrooms, 3 with queen beds including 2 Masters, recently upgraded two twin over full bunk beds and two twin over twin bunk beds.  Comfortably accommodates 3 families.  Perfect to enjoy any season in Southern Vermont\'s beautiful Green Mountains!<br></p></div><h2 tabindex=\"-1\" class=\"hpipapi atm_7l_1kw7nm4 atm_c8_1x4eueo atm_cs_1kw7nm4 atm_g3_1kw7nm4 atm_gi_idpfg4 atm_l8_idpfg4 atm_kd_idpfg4_pfnrn2 dir dir-ltr\" style=\"line-height: 1.2; outline: 0px;\">Guest Access<br></h2><p class=\"_tp3sbt\" style=\"line-height: 1.2; word-break: break-word !important; margin-bottom: 24px !important;\" align=\"justify\">Guests have \r\naccess to our entire home. If your group wishes to use the built in-ground spa during your stay, there is there is a one time additional \r\ncharge of $75 as it needs to be treated between each group that stays at\r\n our home. The charge is the same whether this day is 2 days or a \r\nweek. We will confirm whether or not our guests want to use this \r\nfeature after booking confirmation to ensure that we have treatments \r\nscheduled accordingly. Please also understand that on rare occasions we \r\nmay need to have a short visit from either firewood delivery company, \r\nproperty manager to mow the lawn in summer, clear the driveway of snow \r\nin winter, etc outside of the house. Inside the house on the lower level\r\n we have a small hot tub room, and access must be granted for our \r\ntechnician to treat the hot tub periodically. They naturally will not \r\naccess any bedrooms or bathrooms, and will be out of your hair as \r\nquickly as possible. Our guests do not need to be home for our \r\ntechnician to access the hot tub room.</p><div class=\"_tp3sbt\" style=\"line-height: 1.2; word-break: break-word !important; margin-bottom: 24px !important;\" align=\"justify\"><div class=\"_tp3sbt\" style=\"line-height: 1.2; word-break: break-word !important; margin-bottom: 24px !important;\"><div class=\"_pgfqnw\" style=\"line-height: 1.2;\"><h2 tabindex=\"-1\" class=\"hpipapi atm_7l_1kw7nm4 atm_c8_1x4eueo atm_cs_1kw7nm4 atm_g3_1kw7nm4 atm_gi_idpfg4 atm_l8_idpfg4 atm_kd_idpfg4_pfnrn2 dir dir-ltr\" style=\"line-height: 1.2; outline: 0px;\">Other Things To Note<br></h2></div><p>Our\r\n home is located in Bromley Village, and we have daily shuttle service \r\nfrom mid December to late March from the house to the base lodge and \r\nback. <b>Our home is lot #1 on the shuttle run.</b></p></div></div>', '871 Ethan Allen Trail, Peru, Vermont, United States 05152', 255.00, 10.00, 75.00, 55.00, 6, 14, 'manchester-moose-inn', 'http://www.vrbo.com/icalendar/b5b0f56f9ed348d19a221b3b3b375ca8.ics?nonTentative'),
(11, 'Summit View Chalet', '<div class=\"_w61jw8\" style=\"line-height: 1.875rem !important; margin-bottom: 32px !important;\" align=\"justify\"><h2 tabindex=\"-1\" class=\"hpipapi atm_7l_1kw7nm4 atm_c8_1x4eueo atm_cs_1kw7nm4 atm_g3_1kw7nm4 atm_gi_idpfg4 atm_l8_idpfg4 atm_kd_idpfg4_pfnrn2 dir dir-ltr\" elementtiming=\"LCP-target\" style=\"line-height: inherit; outline: 0px;\">About this space</h2><p tabindex=\"-1\" class=\"hpipapi atm_7l_1kw7nm4 atm_c8_1x4eueo atm_cs_1kw7nm4 atm_g3_1kw7nm4 atm_gi_idpfg4 atm_l8_idpfg4 atm_kd_idpfg4_pfnrn2 dir dir-ltr\" elementtiming=\"LCP-target\" style=\"line-height: 1.2; outline: 0px;\">Stratton VT Slopeside Ski Home with incredible summit views, Minutes from Manchester, Beautiful newly remodeled VT vacation getaway nestled in the Green Mountains. Relax in the hot tub on the deck with direct summit views in any season. Enjoy shuttle access to lifts, minutes from snowmobiling, hiking, fine dining and shopping. Comfortably accommodates up to 13 guests, with well-stocked\r\nkitchen facilities, this home is perfect for two families looking to create\r\nlasting memories in Southern Vernmont\'s beautiful Green Mountains.\r\n\r\n</p></div><div class=\"_tp3sbt\" style=\"line-height: 1.2; word-break: break-word !important; margin-bottom: 24px !important;\" align=\"justify\"><div class=\"_pgfqnw\" style=\"line-height: 1.2;\"><h2 tabindex=\"-1\" class=\"hpipapi atm_7l_1kw7nm4 atm_c8_1x4eueo atm_cs_1kw7nm4 atm_g3_1kw7nm4 atm_gi_idpfg4 atm_l8_idpfg4 atm_kd_idpfg4_pfnrn2 dir dir-ltr\" elementtiming=\"LCP-target\" style=\"line-height: 1.2;\">The space</h2></div><p style=\"line-height: 1.2;\">This home features 4 bedrooms, 2 with queen beds, 1 with full bed and loft twin above, and 1 bedroom with double bunks. Living room also includes a queen sleeper sofa as well. <br></p></div><div class=\"_tp3sbt\" style=\"line-height: 1.2; word-break: break-word !important; margin-bottom: 24px !important;\" align=\"justify\"><div class=\"_pgfqnw\" style=\"line-height: 1.2;\"><h2 tabindex=\"-1\" class=\"hpipapi atm_7l_1kw7nm4 atm_c8_1x4eueo atm_cs_1kw7nm4 atm_g3_1kw7nm4 atm_gi_idpfg4 atm_l8_idpfg4 atm_kd_idpfg4_pfnrn2 dir dir-ltr\" elementtiming=\"LCP-target\" style=\"line-height: 1.2;\">Other things to note</h2></div><p style=\"line-height: 1.2;\">We have just upgraded our spa in June 2022 and have a service plan now between guests. Please note, if your group is going to use the tub during your stay there is a flat fee of $75 for the treatment needed between guest bookings. Same fee whether the stay is 2 days or a week.&nbsp; <span style=\"font-size: 8px;\">﻿</span><span style=\"font-size: 14px;\">﻿</span><br>Our home is located on the last stop of the Blue Shuttle Line at Stratton, and picks up 5 minutes before the hour and drops off at base lodge on the hour starting at 7:55AM to 11:55AM on Saturdays/Sundays and Holidays weeks. There are no shuttles during the weekdays except for Xmas and Presidents Day week.</p></div>', '34 Mountain View Road, Winhall, Vermont, United States 05340', 225.00, 10.00, 75.00, 55.00, 6, 13, 'summit-view-chalet', 'http://www.vrbo.com/icalendar/2e482605ea3247a8ae056b63839ca712.ics?nonTentative');

-- --------------------------------------------------------

--
-- Table structure for table `property_banners`
--

CREATE TABLE `property_banners` (
  `property_banner_id` int(11) NOT NULL,
  `property_id` int(11) NOT NULL,
  `location` varchar(250) NOT NULL
) ENGINE=InnoDB DEFAULT CHARSET=utf8mb4 COLLATE=utf8mb4_general_ci;

--
-- Dumping data for table `property_banners`
--

INSERT INTO `property_banners` (`property_banner_id`, `property_id`, `location`) VALUES
(44, 10, 'uploads/5c363965-0a16-4ad1-8ded-199361aa5854_1.webp'),
(46, 10, 'uploads/7379d329-a4c5-4e4a-b51b-1d98b0646a83.webp'),
(47, 10, 'uploads/b6ae740b-d0ae-4672-b907-9ddd5c4b19bb.webp'),
(48, 10, 'uploads/be1fe788-77fe-4e0d-bff2-4efdc5f4e557.webp'),
(49, 9, 'uploads/0e389ed0-0a89-4c72-8cb1-9debb235f758_1.webp'),
(50, 9, 'uploads/2be6117e-01b3-4495-abd5-6bea348d2a00_1.webp'),
(51, 9, 'uploads/272c0002-312d-4e20-961e-c74eb13cf5d8_1.webp'),
(52, 9, 'uploads/1116e970-0d21-4a77-a723-a8ef6f2e3358.webp'),
(53, 9, 'uploads/a152cb50-0eb7-45c7-bbbf-0aac1771a044.webp'),
(59, 11, 'uploads/01f60183-29f4-4a75-9d58-fa79a1c25575_1.webp'),
(60, 11, 'uploads/3cef9f1e-6800-4813-8106-ee65018a737a_1.webp'),
(61, 11, 'uploads/24f11b28-78e7-4ad4-80d3-3ed5933c211d_1.webp'),
(62, 11, 'uploads/00327393-b9fd-486d-a27f-d5393a2052b5.webp'),
(63, 11, 'uploads/b261c6ff-4a45-429d-97f7-51d463607f95.webp'),
(70, 10, 'uploads/Welcome to Manchester Moose Inn_1.JPG');

-- --------------------------------------------------------

--
-- Table structure for table `property_images`
--

CREATE TABLE `property_images` (
  `property_image_id` int(11) NOT NULL,
  `property_id` int(11) NOT NULL,
  `location` varchar(110) NOT NULL
) ENGINE=InnoDB DEFAULT CHARSET=utf8mb4 COLLATE=utf8mb4_general_ci;

--
-- Dumping data for table `property_images`
--

INSERT INTO `property_images` (`property_image_id`, `property_id`, `location`) VALUES
(206, 9, 'uploads/0b85fc39-f37e-45b1-93d1-930ca439198f.webp'),
(207, 9, 'uploads/0bb4feaf-ccb3-4bbd-983f-0f72b47f813f.webp'),
(208, 9, 'uploads/0e389ed0-0a89-4c72-8cb1-9debb235f758.webp'),
(209, 9, 'uploads/1d16ceed-b94f-424f-ac16-e3ad9323ce4b.webp'),
(210, 9, 'uploads/1f6db0be-2318-4b44-8ca9-78d2addf3dcf.webp'),
(211, 9, 'uploads/1fd159a2-85e2-4552-b120-c22e3b701e0c.webp'),
(212, 9, 'uploads/2be6117e-01b3-4495-abd5-6bea348d2a00.webp'),
(213, 9, 'uploads/5a737db8-d420-419d-8e5e-c9bcc3e1fcde.webp'),
(214, 9, 'uploads/08b1b566-8b13-4d3a-8f12-37b4b27c73a3.webp'),
(215, 9, 'uploads/8ac45697-b934-424e-a74f-a1e90def6784.webp'),
(216, 9, 'uploads/8c3e8520-4c48-4b52-83b0-c382da6ddf7d.webp'),
(217, 9, 'uploads/39cd395a-0cee-4461-a982-04065b12e4bc.webp'),
(218, 9, 'uploads/42a3d407-beeb-430b-8c84-6037d8943a9e.webp'),
(219, 9, 'uploads/51d0ea07-5fde-4e17-a9c0-6272f12d9011.webp'),
(220, 9, 'uploads/60f541e4-1a85-4273-9658-fd44bd52f227.webp'),
(221, 9, 'uploads/88d9fda5-cdd6-4007-b56d-5edc7ea813a1.webp'),
(222, 9, 'uploads/272c0002-312d-4e20-961e-c74eb13cf5d8.webp'),
(223, 9, 'uploads/299fde9a-54b7-4af2-a0dc-54703b851db5.webp'),
(224, 9, 'uploads/419ba727-e7a0-424a-98e2-8fba5a246e23.webp'),
(225, 9, 'uploads/530e0fee-4bb0-4fd4-8afa-29ad0605c6d4.webp'),
(226, 10, 'uploads/0f389f15-988d-4c16-8749-1c5658a065b1.webp'),
(230, 10, 'uploads/2c002544-158f-4853-9855-73b233adffe9.webp'),
(231, 10, 'uploads/2f2139a8-1e10-4d9b-a026-a2f2e0fe66c7.webp'),
(232, 10, 'uploads/4b12334d-1e3b-4f07-93f8-22bc5f95f371.webp'),
(238, 10, 'uploads/9d467f09-ab25-4704-af31-f9eb39e27078.webp'),
(241, 10, 'uploads/32bb1836-f618-44ed-8ae0-1a179cd203cc.webp'),
(244, 10, 'uploads/54b4c8fe-1530-4310-8b90-4b46da8a852b.webp'),
(246, 11, 'uploads/0c117f36-a12b-4cc6-96e7-018550f49158.webp'),
(247, 11, 'uploads/01f60183-29f4-4a75-9d58-fa79a1c25575.webp'),
(248, 11, 'uploads/3cef9f1e-6800-4813-8106-ee65018a737a.webp'),
(249, 11, 'uploads/3e17105d-ddf3-422f-bc19-020d3c8625e1.webp'),
(250, 11, 'uploads/5dea2aa9-6fd6-4951-b22e-c08a79757196.webp'),
(251, 11, 'uploads/5eccde22-4039-4bb9-a709-acfcbb2ec630.webp'),
(252, 11, 'uploads/6de3e23c-aee9-435f-a53c-745acb8dba9f.webp'),
(253, 11, 'uploads/08d7fff4-a08f-4731-aa10-f4d06534b82f.webp'),
(254, 11, 'uploads/8a4086b2-f371-45d0-98ab-a8506f399eb1.webp'),
(255, 11, 'uploads/9ac7d9cb-8df5-4e4d-a1fd-880836962c45.webp'),
(256, 11, 'uploads/10dae917-3434-42c5-b9d8-c8ecc7ef15e2 (1).webp'),
(257, 11, 'uploads/10dae917-3434-42c5-b9d8-c8ecc7ef15e2.webp'),
(258, 11, 'uploads/11f4243f-cd2b-468e-afd3-2458cd709289.webp'),
(259, 11, 'uploads/19f34b9f-a088-49cd-938e-987b459a6622.webp'),
(260, 11, 'uploads/24f11b28-78e7-4ad4-80d3-3ed5933c211d.webp'),
(261, 11, 'uploads/30e67c79-f538-4573-9c93-741b0539aa79.webp'),
(262, 11, 'uploads/85b7fad3-0f72-42ac-9971-dabdd74e38d4.webp'),
(263, 11, 'uploads/89a325d8-1242-4327-8162-b772df08dce8.webp'),
(264, 11, 'uploads/93a124e7-5a4b-4ec8-81fe-1f175e966d91.webp'),
(265, 11, 'uploads/680c75f2-b343-4161-8f1a-19db9a396b0a.webp');

-- --------------------------------------------------------

--
-- Table structure for table `reviews`
--

CREATE TABLE `reviews` (
  `review_id` int(11) NOT NULL,
  `property_id` int(11) NOT NULL,
  `emailaddress` varchar(100) NOT NULL,
  `name` varchar(150) NOT NULL,
  `rating` int(11) NOT NULL,
  `message` longtext NOT NULL,
  `reviewdate` date NOT NULL,
  `status` varchar(20) NOT NULL
) ENGINE=InnoDB DEFAULT CHARSET=utf8mb4 COLLATE=utf8mb4_general_ci;

-- --------------------------------------------------------

--
-- Table structure for table `users`
--

CREATE TABLE `users` (
  `user_id` int(11) NOT NULL,
  `firstname` varchar(50) NOT NULL,
  `lastname` varchar(50) NOT NULL,
  `emailaddress` varchar(50) NOT NULL,
  `username` varchar(20) NOT NULL,
  `password` varchar(50) NOT NULL,
  `encryptedpass` varchar(200) NOT NULL
) ENGINE=InnoDB DEFAULT CHARSET=utf8mb4 COLLATE=utf8mb4_general_ci;

--
-- Dumping data for table `users`
--

INSERT INTO `users` (`user_id`, `firstname`, `lastname`, `emailaddress`, `username`, `password`, `encryptedpass`) VALUES
(1, 'Rustom', 'Codilan', 'rustomcodilan@gmail.com', 'r.codilan', '12345', '$2y$10$sE7LGsBgK4iJwLAKOSyWpe8BFGen81MKnZ.5KfuxO/Vm7SDr5lIRq');

--
-- Indexes for dumped tables
--

--
-- Indexes for table `bookings`
--
ALTER TABLE `bookings`
  ADD PRIMARY KEY (`booking_id`),
  ADD KEY `property_id` (`property_id`);

--
-- Indexes for table `features`
--
ALTER TABLE `features`
  ADD PRIMARY KEY (`feature_id`),
  ADD KEY `property_id` (`property_id`);

--
-- Indexes for table `messages`
--
ALTER TABLE `messages`
  ADD PRIMARY KEY (`message_id`);

--
-- Indexes for table `pricing`
--
ALTER TABLE `pricing`
  ADD PRIMARY KEY (`price_id`),
  ADD KEY `property_id` (`property_id`);

--
-- Indexes for table `properties`
--
ALTER TABLE `properties`
  ADD PRIMARY KEY (`property_id`);

--
-- Indexes for table `property_banners`
--
ALTER TABLE `property_banners`
  ADD PRIMARY KEY (`property_banner_id`),
  ADD KEY `property_id` (`property_id`);

--
-- Indexes for table `property_images`
--
ALTER TABLE `property_images`
  ADD PRIMARY KEY (`property_image_id`),
  ADD KEY `property_id` (`property_id`);

--
-- Indexes for table `reviews`
--
ALTER TABLE `reviews`
  ADD PRIMARY KEY (`review_id`),
  ADD KEY `property_id` (`property_id`);

--
-- Indexes for table `users`
--
ALTER TABLE `users`
  ADD PRIMARY KEY (`user_id`);

--
-- AUTO_INCREMENT for dumped tables
--

--
-- AUTO_INCREMENT for table `bookings`
--
ALTER TABLE `bookings`
  MODIFY `booking_id` int(11) NOT NULL AUTO_INCREMENT, AUTO_INCREMENT=31;

--
-- AUTO_INCREMENT for table `features`
--
ALTER TABLE `features`
  MODIFY `feature_id` int(11) NOT NULL AUTO_INCREMENT, AUTO_INCREMENT=188;

--
-- AUTO_INCREMENT for table `messages`
--
ALTER TABLE `messages`
  MODIFY `message_id` int(11) NOT NULL AUTO_INCREMENT, AUTO_INCREMENT=6;

--
-- AUTO_INCREMENT for table `pricing`
--
ALTER TABLE `pricing`
  MODIFY `price_id` int(11) NOT NULL AUTO_INCREMENT, AUTO_INCREMENT=1365;

--
-- AUTO_INCREMENT for table `properties`
--
ALTER TABLE `properties`
  MODIFY `property_id` int(11) NOT NULL AUTO_INCREMENT, AUTO_INCREMENT=14;

--
-- AUTO_INCREMENT for table `property_banners`
--
ALTER TABLE `property_banners`
  MODIFY `property_banner_id` int(11) NOT NULL AUTO_INCREMENT, AUTO_INCREMENT=71;

--
-- AUTO_INCREMENT for table `property_images`
--
ALTER TABLE `property_images`
  MODIFY `property_image_id` int(11) NOT NULL AUTO_INCREMENT, AUTO_INCREMENT=306;

--
-- AUTO_INCREMENT for table `reviews`
--
ALTER TABLE `reviews`
  MODIFY `review_id` int(11) NOT NULL AUTO_INCREMENT, AUTO_INCREMENT=24;

--
-- AUTO_INCREMENT for table `users`
--
ALTER TABLE `users`
  MODIFY `user_id` int(11) NOT NULL AUTO_INCREMENT, AUTO_INCREMENT=2;

--
-- Constraints for dumped tables
--

--
-- Constraints for table `bookings`
--
ALTER TABLE `bookings`
  ADD CONSTRAINT `bookings_ibfk_1` FOREIGN KEY (`property_id`) REFERENCES `properties` (`property_id`);

--
-- Constraints for table `features`
--
ALTER TABLE `features`
  ADD CONSTRAINT `features_ibfk_1` FOREIGN KEY (`property_id`) REFERENCES `properties` (`property_id`);

--
-- Constraints for table `pricing`
--
ALTER TABLE `pricing`
  ADD CONSTRAINT `pricing_ibfk_1` FOREIGN KEY (`property_id`) REFERENCES `properties` (`property_id`);

--
-- Constraints for table `property_banners`
--
ALTER TABLE `property_banners`
  ADD CONSTRAINT `property_banners_ibfk_1` FOREIGN KEY (`property_id`) REFERENCES `properties` (`property_id`);

--
-- Constraints for table `property_images`
--
ALTER TABLE `property_images`
  ADD CONSTRAINT `property_images_ibfk_1` FOREIGN KEY (`property_id`) REFERENCES `properties` (`property_id`);

--
-- Constraints for table `reviews`
--
ALTER TABLE `reviews`
  ADD CONSTRAINT `reviews_ibfk_1` FOREIGN KEY (`property_id`) REFERENCES `properties` (`property_id`);
COMMIT;

/*!40101 SET CHARACTER_SET_CLIENT=@OLD_CHARACTER_SET_CLIENT */;
/*!40101 SET CHARACTER_SET_RESULTS=@OLD_CHARACTER_SET_RESULTS */;
/*!40101 SET COLLATION_CONNECTION=@OLD_COLLATION_CONNECTION */;
